-- Create sample users
INSERT INTO public.company(id, created_by, created_date, last_modified_date, modified_by, address, email, name, phone, status, country_id) VALUES (2, 'Piyush', current_timestamp, current_timestamp, 'Piyush', 'China', 'piyush@metaltrade.io', 'Piyush pvt Ltd.', '+919811871451', 'Verified', 1);
INSERT INTO public.mtp_user(id, created_by, created_date, last_modified_date, modified_by, mobile_number, role, status, company_id) VALUES (2, 'Piyush', current_timestamp, current_timestamp, 'Piyush', '+919811871451', 'ADMIN', 0, 2);
INSERT INTO public.mtp_user(id, created_by, created_date, last_modified_date, modified_by, mobile_number, role, status, company_id) VALUES (6, 'Test User', current_timestamp, current_timestamp, 'Test User', '+911234567890', 'ADMIN', 0, 2);
INSERT INTO public.company(id, created_by, created_date, last_modified_date, modified_by, address, email, name, phone, status, country_id) VALUES (3, 'Yogesh', current_timestamp, current_timestamp, 'Yogesh', 'Thailand', 'yogesh251193@gmail.com', 'Yogesh pvt Ltd.', '+918307709382', 'Verified', 2);
INSERT INTO public.mtp_user(id, created_by, created_date, last_modified_date, modified_by, mobile_number, role, status, company_id) VALUES (3, 'Yogesh', current_timestamp, current_timestamp, 'Yogesh', '+918307709382', 'ADMIN', 0, 3);
INSERT INTO public.company(id, created_by, created_date, last_modified_date, modified_by, address, email, name, phone, status, country_id) VALUES (4, 'Valmik', current_timestamp, current_timestamp, 'Valmik', 'Indonesia', 'valmik@metaltrade.io', 'Valmik pvt Ltd.', '+919971000279', 'Verified', 5);
INSERT INTO public.mtp_user(id, created_by, created_date, last_modified_date, modified_by, mobile_number, role, status, company_id) VALUES (4, 'Valmik', current_timestamp, current_timestamp, 'Valmik', '+919971000279', 'ADMIN', 0, 4);
INSERT INTO public.company(id, created_by, created_date, last_modified_date, modified_by, address, email, name, phone, status, country_id) VALUES (5, 'Prateek', current_timestamp, current_timestamp, 'Prateek', 'Singapore', 'prateek@metaltrade.io', 'Prateek pvt Ltd.', '+6588784124', 'Verified', 3);
INSERT INTO public.mtp_user(id, created_by, created_date, last_modified_date, modified_by, mobile_number, role, status, company_id) VALUES (5, 'Prateek', current_timestamp, current_timestamp, 'Prateek', '+6588784124', 'ADMIN', 0, 5);
ALTER SEQUENCE mtp_user_id_seq RESTART WITH 7;
ALTER SEQUENCE company_id_seq RESTART WITH 6;

-- Create sample enquiries
INSERT INTO public.enquiry(id, created_by, created_date, last_modified_date, modified_by, enquiry_type, payment_terms, status, transportation_terms, enquiry_company_id) VALUES (1, 'Piyush', current_timestamp, current_timestamp, 'Piyush', 1, 'OTHERS', 'Active', 'OTHERS', 2);
INSERT INTO public.enquiry(id, created_by, created_date, last_modified_date, modified_by, enquiry_type, payment_terms, status, transportation_terms, enquiry_company_id) VALUES (2, 'Piyush', current_timestamp, current_timestamp, 'Piyush', 1, 'LC_AT_SITE', 'Active', 'FOB', 2);
INSERT INTO public.enquiry(id, created_by, created_date, last_modified_date, modified_by, enquiry_type, payment_terms, status, transportation_terms, enquiry_company_id) VALUES (3, 'Piyush', current_timestamp, current_timestamp, 'Piyush', 1, 'ADVANCE', 'Active', 'CIF', 2);
INSERT INTO public.enquiry(id, created_by, created_date, last_modified_date, modified_by, enquiry_type, payment_terms, status, transportation_terms, enquiry_company_id) VALUES (4, 'Piyush', current_timestamp, current_timestamp, 'Piyush', 1, 'OTHERS', 'Active', 'CFR', 2);
INSERT INTO public.enquiry(id, created_by, created_date, last_modified_date, modified_by, enquiry_type, payment_terms, status, transportation_terms, enquiry_company_id) VALUES (5, 'Piyush', current_timestamp, current_timestamp, 'Piyush', 0, 'ADVANCE', 'Active', 'OTHERS', 2);
INSERT INTO public.enquiry(id, created_by, created_date, last_modified_date, modified_by, enquiry_type, payment_terms, status, transportation_terms, enquiry_company_id) VALUES (6, 'Piyush', current_timestamp, current_timestamp, 'Piyush', 0, 'ADVANCE', 'Complete', 'CFR', 2);
INSERT INTO public.enquiry(id, created_by, created_date, last_modified_date, modified_by, enquiry_type, payment_terms, status, transportation_terms, enquiry_company_id) VALUES (7, 'Piyush', current_timestamp, current_timestamp, 'Piyush', 0, 'ADVANCE', 'Inreview', 'OTHERS', 2);

-- Create Sample Enquiry Items
INSERT INTO public.item(id, created_by, created_date, last_modified_date, modified_by, quantity, quantity_unit, remarks, sku_id, price) VALUES (1, 'Piyush', current_timestamp, current_timestamp, 'Piyush', 10, 'MT', 'this will be displayed with every item', 1, 0);
INSERT INTO public.item(id, created_by, created_date, last_modified_date, modified_by, quantity, quantity_unit, remarks, sku_id, price) VALUES (2, 'Piyush', current_timestamp, current_timestamp, 'Piyush', 20, 'Kg', 'this will be displayed with every item', 2, 0);
INSERT INTO public.item(id, created_by, created_date, last_modified_date, modified_by, quantity, quantity_unit, remarks, sku_id, price) VALUES (3, 'Piyush', current_timestamp, current_timestamp, 'Piyush', 30, 'MT', 'this will be displayed with every item', 3, 0);
INSERT INTO public.item(id, created_by, created_date, last_modified_date, modified_by, quantity, quantity_unit, remarks, sku_id, price) VALUES (4, 'Piyush', current_timestamp, current_timestamp, 'Piyush', 100, 'Kg', 'this will be displayed with every item', 4, 0);
INSERT INTO public.item(id, created_by, created_date, last_modified_date, modified_by, quantity, quantity_unit, remarks, sku_id, price) VALUES (5, 'Piyush', current_timestamp, current_timestamp, 'Piyush', 40, 'MT', 'this will be displayed with every item', 5, 0);
INSERT INTO public.item(id, created_by, created_date, last_modified_date, modified_by, quantity, quantity_unit, remarks, sku_id, price) VALUES (6, 'Piyush', current_timestamp, current_timestamp, 'Piyush', 50, 'Kg', 'this will be displayed with every item', 6, 0);
INSERT INTO public.item(id, created_by, created_date, last_modified_date, modified_by, quantity, quantity_unit, remarks, sku_id, price) VALUES (7, 'Piyush', current_timestamp, current_timestamp, 'Piyush', 10, 'MT', 'this will be displayed with every item', 7, 0);
INSERT INTO public.item(id, created_by, created_date, last_modified_date, modified_by, quantity, quantity_unit, remarks, sku_id, price) VALUES (8, 'Piyush', current_timestamp, current_timestamp, 'Piyush', 60, 'Kg', 'this will be displayed with every item', 8, 0);
INSERT INTO public.item(id, created_by, created_date, last_modified_date, modified_by, quantity, quantity_unit, remarks, sku_id, price) VALUES (9, 'Piyush', current_timestamp, current_timestamp, 'Piyush', 5, 'Kg', 'this will be displayed with every item', 9, 0);
INSERT INTO public.item(id, created_by, created_date, last_modified_date, modified_by, quantity, quantity_unit, remarks, sku_id, price) VALUES (10, 'Piyush', current_timestamp, current_timestamp, 'Piyush', 19, 'MT', 'this will be displayed with every item', 10, 0);
INSERT INTO public.item(id, created_by, created_date, last_modified_date, modified_by, quantity, quantity_unit, remarks, sku_id, price) VALUES (11, 'Piyush', current_timestamp, current_timestamp, 'Piyush', 1001, 'Kg', 'this will be displayed with every item', 11, 0);
INSERT INTO public.item(id, created_by, created_date, last_modified_date, modified_by, quantity, quantity_unit, remarks, sku_id, price) VALUES (12, 'Piyush', current_timestamp, current_timestamp, 'Piyush', 25, 'MT', 'this will be displayed with every item', 12, 0);
INSERT INTO public.item(id, created_by, created_date, last_modified_date, modified_by, quantity, quantity_unit, remarks, sku_id, price) VALUES (13, 'Piyush', current_timestamp, current_timestamp, 'Piyush', 80, 'Kg', 'this will be displayed with every item', 13, 0);
INSERT INTO public.item(id, created_by, created_date, last_modified_date, modified_by, quantity, quantity_unit, remarks, sku_id, price) VALUES (14, 'Piyush', current_timestamp, current_timestamp, 'Piyush', 70, 'Kg', 'this will be displayed with every item', 14, 0);
INSERT INTO public.item(id, created_by, created_date, last_modified_date, modified_by, quantity, quantity_unit, remarks, sku_id, price) VALUES (15, 'Piyush', current_timestamp, current_timestamp, 'Piyush', 1, 'MT', 'this will be displayed with every item', 15, 0);

-- Create Sample Enquiry Items Mappings
INSERT INTO public.enquiry_item(enquiry_id, item_id) VALUES (1, 1);
INSERT INTO public.enquiry_item(enquiry_id, item_id) VALUES (1, 2);
INSERT INTO public.enquiry_item(enquiry_id, item_id) VALUES (2, 3);
INSERT INTO public.enquiry_item(enquiry_id, item_id) VALUES (3, 4);
INSERT INTO public.enquiry_item(enquiry_id, item_id) VALUES (4, 5);
INSERT INTO public.enquiry_item(enquiry_id, item_id) VALUES (4, 6);
INSERT INTO public.enquiry_item(enquiry_id, item_id) VALUES (5, 7);
INSERT INTO public.enquiry_item(enquiry_id, item_id) VALUES (5, 8);
INSERT INTO public.enquiry_item(enquiry_id, item_id) VALUES (5, 9);
INSERT INTO public.enquiry_item(enquiry_id, item_id) VALUES (6, 10);
INSERT INTO public.enquiry_item(enquiry_id, item_id) VALUES (7, 11);
INSERT INTO public.enquiry_item(enquiry_id, item_id) VALUES (7, 12);
INSERT INTO public.enquiry_item(enquiry_id, item_id) VALUES (7, 13);
INSERT INTO public.enquiry_item(enquiry_id, item_id) VALUES (7, 14);
INSERT INTO public.enquiry_item(enquiry_id, item_id) VALUES (7, 15);

-- Create sample enquiries
INSERT INTO public.enquiry(id, created_by, created_date, last_modified_date, modified_by, enquiry_type, payment_terms, status, transportation_terms, enquiry_company_id) VALUES (8, 'Yogesh', current_timestamp, current_timestamp, 'Yogesh', 0, 'OTHERS', 'Active', 'OTHERS', 3);
INSERT INTO public.enquiry(id, created_by, created_date, last_modified_date, modified_by, enquiry_type, payment_terms, status, transportation_terms, enquiry_company_id) VALUES (9, 'Yogesh', current_timestamp, current_timestamp, 'Yogesh', 0, 'ADVANCE', 'Active', 'FOB', 3);
INSERT INTO public.enquiry(id, created_by, created_date, last_modified_date, modified_by, enquiry_type, payment_terms, status, transportation_terms, enquiry_company_id) VALUES (10, 'Yogesh', current_timestamp, current_timestamp, 'Yogesh', 0, 'LC_AT_SITE', 'Active', 'OTHERS', 3);
INSERT INTO public.enquiry(id, created_by, created_date, last_modified_date, modified_by, enquiry_type, payment_terms, status, transportation_terms, enquiry_company_id) VALUES (11, 'Yogesh', current_timestamp, current_timestamp, 'Yogesh', 0, 'ADVANCE', 'Active', 'CFR', 3);
INSERT INTO public.enquiry(id, created_by, created_date, last_modified_date, modified_by, enquiry_type, payment_terms, status, transportation_terms, enquiry_company_id) VALUES (12, 'Yogesh', current_timestamp, current_timestamp, 'Yogesh', 1, 'OTHERS', 'Active', 'CFR', 3);
INSERT INTO public.enquiry(id, created_by, created_date, last_modified_date, modified_by, enquiry_type, payment_terms, status, transportation_terms, enquiry_company_id) VALUES (13, 'Yogesh', current_timestamp, current_timestamp, 'Yogesh', 1, 'ADVANCE', 'Complete', 'CIF', 3);
INSERT INTO public.enquiry(id, created_by, created_date, last_modified_date, modified_by, enquiry_type, payment_terms, status, transportation_terms, enquiry_company_id) VALUES (14, 'Yogesh', current_timestamp, current_timestamp, 'Yogesh', 1, 'ADVANCE', 'Inreview', 'OTHERS', 3);

-- Create Sample Enquiry Items
INSERT INTO public.item(id, created_by, created_date, last_modified_date, modified_by, quantity, quantity_unit, remarks, sku_id, price) VALUES (16, 'Yogesh', current_timestamp, current_timestamp, 'Yogesh', 10, 'MT', 'this will be displayed with every item', 1, 0);
INSERT INTO public.item(id, created_by, created_date, last_modified_date, modified_by, quantity, quantity_unit, remarks, sku_id, price) VALUES (17, 'Yogesh', current_timestamp, current_timestamp, 'Yogesh', 20, 'Kg', 'this will be displayed with every item', 2, 0);
INSERT INTO public.item(id, created_by, created_date, last_modified_date, modified_by, quantity, quantity_unit, remarks, sku_id, price) VALUES (18, 'Yogesh', current_timestamp, current_timestamp, 'Yogesh', 30, 'MT', 'this will be displayed with every item', 3, 0);
INSERT INTO public.item(id, created_by, created_date, last_modified_date, modified_by, quantity, quantity_unit, remarks, sku_id, price) VALUES (19, 'Yogesh', current_timestamp, current_timestamp, 'Yogesh', 100, 'Kg', 'this will be displayed with every item', 4, 0);
INSERT INTO public.item(id, created_by, created_date, last_modified_date, modified_by, quantity, quantity_unit, remarks, sku_id, price) VALUES (20, 'Yogesh', current_timestamp, current_timestamp, 'Yogesh', 40, 'MT', 'this will be displayed with every item', 5, 0);
INSERT INTO public.item(id, created_by, created_date, last_modified_date, modified_by, quantity, quantity_unit, remarks, sku_id, price) VALUES (21, 'Yogesh', current_timestamp, current_timestamp, 'Yogesh', 50, 'Kg', 'this will be displayed with every item', 6, 0);
INSERT INTO public.item(id, created_by, created_date, last_modified_date, modified_by, quantity, quantity_unit, remarks, sku_id, price) VALUES (22, 'Yogesh', current_timestamp, current_timestamp, 'Yogesh', 10, 'MT', 'this will be displayed with every item', 7, 0);
INSERT INTO public.item(id, created_by, created_date, last_modified_date, modified_by, quantity, quantity_unit, remarks, sku_id, price) VALUES (23, 'Yogesh', current_timestamp, current_timestamp, 'Yogesh', 60, 'Kg', 'this will be displayed with every item', 8, 0);
INSERT INTO public.item(id, created_by, created_date, last_modified_date, modified_by, quantity, quantity_unit, remarks, sku_id, price) VALUES (24, 'Yogesh', current_timestamp, current_timestamp, 'Yogesh', 5, 'Kg', 'this will be displayed with every item', 9, 0);
INSERT INTO public.item(id, created_by, created_date, last_modified_date, modified_by, quantity, quantity_unit, remarks, sku_id, price) VALUES (25, 'Yogesh', current_timestamp, current_timestamp, 'Yogesh', 19, 'MT', 'this will be displayed with every item', 10, 0);
INSERT INTO public.item(id, created_by, created_date, last_modified_date, modified_by, quantity, quantity_unit, remarks, sku_id, price) VALUES (26, 'Yogesh', current_timestamp, current_timestamp, 'Yogesh', 1001, 'Kg', 'this will be displayed with every item', 11, 0);
INSERT INTO public.item(id, created_by, created_date, last_modified_date, modified_by, quantity, quantity_unit, remarks, sku_id, price) VALUES (27, 'Yogesh', current_timestamp, current_timestamp, 'Yogesh', 25, 'MT', 'this will be displayed with every item', 12, 0);
INSERT INTO public.item(id, created_by, created_date, last_modified_date, modified_by, quantity, quantity_unit, remarks, sku_id, price) VALUES (28, 'Yogesh', current_timestamp, current_timestamp, 'Yogesh', 80, 'Kg', 'this will be displayed with every item', 13, 0);
INSERT INTO public.item(id, created_by, created_date, last_modified_date, modified_by, quantity, quantity_unit, remarks, sku_id, price) VALUES (29, 'Yogesh', current_timestamp, current_timestamp, 'Yogesh', 70, 'Kg', 'this will be displayed with every item', 14, 0);
INSERT INTO public.item(id, created_by, created_date, last_modified_date, modified_by, quantity, quantity_unit, remarks, sku_id, price) VALUES (30, 'Yogesh', current_timestamp, current_timestamp, 'Yogesh', 1, 'MT', 'this will be displayed with every item', 15, 0);

-- Create Sample Enquiry Items Mappings
INSERT INTO public.enquiry_item(enquiry_id, item_id) VALUES (8, 16);
INSERT INTO public.enquiry_item(enquiry_id, item_id) VALUES (8, 17);
INSERT INTO public.enquiry_item(enquiry_id, item_id) VALUES (9, 18);
INSERT INTO public.enquiry_item(enquiry_id, item_id) VALUES (10, 19);
INSERT INTO public.enquiry_item(enquiry_id, item_id) VALUES (10, 20);
INSERT INTO public.enquiry_item(enquiry_id, item_id) VALUES (10, 21);
INSERT INTO public.enquiry_item(enquiry_id, item_id) VALUES (11, 22);
INSERT INTO public.enquiry_item(enquiry_id, item_id) VALUES (12, 23);
INSERT INTO public.enquiry_item(enquiry_id, item_id) VALUES (13, 24);
INSERT INTO public.enquiry_item(enquiry_id, item_id) VALUES (13, 25);
INSERT INTO public.enquiry_item(enquiry_id, item_id) VALUES (13, 26);
INSERT INTO public.enquiry_item(enquiry_id, item_id) VALUES (14, 27);
INSERT INTO public.enquiry_item(enquiry_id, item_id) VALUES (14, 28);
INSERT INTO public.enquiry_item(enquiry_id, item_id) VALUES (14, 29);
INSERT INTO public.enquiry_item(enquiry_id, item_id) VALUES (14, 30);

-- Create sample enquiries
INSERT INTO public.enquiry(id, created_by, created_date, last_modified_date, modified_by, enquiry_type, payment_terms, status, transportation_terms, enquiry_company_id) VALUES (15, 'Valmik', current_timestamp, current_timestamp, 'Valmik', 0, 'OTHERS', 'Active', 'OTHERS', 4);
INSERT INTO public.enquiry(id, created_by, created_date, last_modified_date, modified_by, enquiry_type, payment_terms, status, transportation_terms, enquiry_company_id) VALUES (16, 'Valmik', current_timestamp, current_timestamp, 'Valmik', 0, 'ADVANCE', 'Active', 'FOB', 4);
INSERT INTO public.enquiry(id, created_by, created_date, last_modified_date, modified_by, enquiry_type, payment_terms, status, transportation_terms, enquiry_company_id) VALUES (17, 'Valmik', current_timestamp, current_timestamp, 'Valmik', 0, 'LC_AT_SITE', 'Active', 'CFR', 4);
INSERT INTO public.enquiry(id, created_by, created_date, last_modified_date, modified_by, enquiry_type, payment_terms, status, transportation_terms, enquiry_company_id) VALUES (18, 'Valmik', current_timestamp, current_timestamp, 'Valmik', 1, 'ADVANCE', 'Active', 'OTHERS', 4);
INSERT INTO public.enquiry(id, created_by, created_date, last_modified_date, modified_by, enquiry_type, payment_terms, status, transportation_terms, enquiry_company_id) VALUES (19, 'Valmik', current_timestamp, current_timestamp, 'Valmik', 1, 'OTHERS', 'Active', 'CFR', 4);
INSERT INTO public.enquiry(id, created_by, created_date, last_modified_date, modified_by, enquiry_type, payment_terms, status, transportation_terms, enquiry_company_id) VALUES (20, 'Valmik', current_timestamp, current_timestamp, 'Valmik', 1, 'ADVANCE', 'Complete', 'CIF', 4);
INSERT INTO public.enquiry(id, created_by, created_date, last_modified_date, modified_by, enquiry_type, payment_terms, status, transportation_terms, enquiry_company_id) VALUES (21, 'Valmik', current_timestamp, current_timestamp, 'Valmik', 1, 'ADVANCE', 'Inreview', 'OTHERS', 4);

-- Create Sample Enquiry Items
INSERT INTO public.item(id, created_by, created_date, last_modified_date, modified_by, quantity, quantity_unit, remarks, sku_id, price) VALUES (31, 'Valmik', current_timestamp, current_timestamp, 'Valmik', 10, 'MT', 'this will be displayed with every item', 1, 0);
INSERT INTO public.item(id, created_by, created_date, last_modified_date, modified_by, quantity, quantity_unit, remarks, sku_id, price) VALUES (32, 'Valmik', current_timestamp, current_timestamp, 'Valmik', 20, 'Kg', 'this will be displayed with every item', 2, 0);
INSERT INTO public.item(id, created_by, created_date, last_modified_date, modified_by, quantity, quantity_unit, remarks, sku_id, price) VALUES (33, 'Valmik', current_timestamp, current_timestamp, 'Valmik', 30, 'MT', 'this will be displayed with every item', 3, 0);
INSERT INTO public.item(id, created_by, created_date, last_modified_date, modified_by, quantity, quantity_unit, remarks, sku_id, price) VALUES (34, 'Valmik', current_timestamp, current_timestamp, 'Valmik', 100, 'Kg', 'this will be displayed with every item', 4, 0);
INSERT INTO public.item(id, created_by, created_date, last_modified_date, modified_by, quantity, quantity_unit, remarks, sku_id, price) VALUES (35, 'Valmik', current_timestamp, current_timestamp, 'Valmik', 40, 'MT', 'this will be displayed with every item', 5, 0);
INSERT INTO public.item(id, created_by, created_date, last_modified_date, modified_by, quantity, quantity_unit, remarks, sku_id, price) VALUES (36, 'Valmik', current_timestamp, current_timestamp, 'Valmik', 50, 'Kg', 'this will be displayed with every item', 6, 0);
INSERT INTO public.item(id, created_by, created_date, last_modified_date, modified_by, quantity, quantity_unit, remarks, sku_id, price) VALUES (37, 'Valmik', current_timestamp, current_timestamp, 'Valmik', 10, 'MT', 'this will be displayed with every item', 7, 0);
INSERT INTO public.item(id, created_by, created_date, last_modified_date, modified_by, quantity, quantity_unit, remarks, sku_id, price) VALUES (38, 'Valmik', current_timestamp, current_timestamp, 'Valmik', 60, 'Kg', 'this will be displayed with every item', 8, 0);
INSERT INTO public.item(id, created_by, created_date, last_modified_date, modified_by, quantity, quantity_unit, remarks, sku_id, price) VALUES (39, 'Valmik', current_timestamp, current_timestamp, 'Valmik', 5, 'Kg', 'this will be displayed with every item', 9, 0);
INSERT INTO public.item(id, created_by, created_date, last_modified_date, modified_by, quantity, quantity_unit, remarks, sku_id, price) VALUES (40, 'Valmik', current_timestamp, current_timestamp, 'Valmik', 19, 'MT', 'this will be displayed with every item', 10, 0);
INSERT INTO public.item(id, created_by, created_date, last_modified_date, modified_by, quantity, quantity_unit, remarks, sku_id, price) VALUES (41, 'Valmik', current_timestamp, current_timestamp, 'Valmik', 1001, 'Kg', 'this will be displayed with every item', 11, 0);
INSERT INTO public.item(id, created_by, created_date, last_modified_date, modified_by, quantity, quantity_unit, remarks, sku_id, price) VALUES (42, 'Valmik', current_timestamp, current_timestamp, 'Valmik', 25, 'MT', 'this will be displayed with every item', 12, 0);
INSERT INTO public.item(id, created_by, created_date, last_modified_date, modified_by, quantity, quantity_unit, remarks, sku_id, price) VALUES (43, 'Valmik', current_timestamp, current_timestamp, 'Valmik', 80, 'Kg', 'this will be displayed with every item', 13, 0);
INSERT INTO public.item(id, created_by, created_date, last_modified_date, modified_by, quantity, quantity_unit, remarks, sku_id, price) VALUES (44, 'Valmik', current_timestamp, current_timestamp, 'Valmik', 70, 'Kg', 'this will be displayed with every item', 14, 0);
INSERT INTO public.item(id, created_by, created_date, last_modified_date, modified_by, quantity, quantity_unit, remarks, sku_id, price) VALUES (45, 'Valmik', current_timestamp, current_timestamp, 'Valmik', 1, 'MT', 'this will be displayed with every item', 15, 0);

-- Create Sample Enquiry Items Mappings
INSERT INTO public.enquiry_item(enquiry_id, item_id) VALUES (15, 31);
INSERT INTO public.enquiry_item(enquiry_id, item_id) VALUES (15, 32);
INSERT INTO public.enquiry_item(enquiry_id, item_id) VALUES (15, 33);
INSERT INTO public.enquiry_item(enquiry_id, item_id) VALUES (16, 34);
INSERT INTO public.enquiry_item(enquiry_id, item_id) VALUES (16, 35);
INSERT INTO public.enquiry_item(enquiry_id, item_id) VALUES (17, 36);
INSERT INTO public.enquiry_item(enquiry_id, item_id) VALUES (17, 37);
INSERT INTO public.enquiry_item(enquiry_id, item_id) VALUES (17, 38);
INSERT INTO public.enquiry_item(enquiry_id, item_id) VALUES (17, 39);
INSERT INTO public.enquiry_item(enquiry_id, item_id) VALUES (18, 40);
INSERT INTO public.enquiry_item(enquiry_id, item_id) VALUES (19, 41);
INSERT INTO public.enquiry_item(enquiry_id, item_id) VALUES (19, 42);
INSERT INTO public.enquiry_item(enquiry_id, item_id) VALUES (20, 43);
INSERT INTO public.enquiry_item(enquiry_id, item_id) VALUES (21, 44);
INSERT INTO public.enquiry_item(enquiry_id, item_id) VALUES (21, 45);

-- Create sample enquiries
INSERT INTO public.enquiry(id, created_by, created_date, last_modified_date, modified_by, enquiry_type, payment_terms, status, transportation_terms, enquiry_company_id) VALUES (22, 'Prateek', current_timestamp, current_timestamp, 'Prateek', 0, 'OTHERS', 'Active', 'OTHERS', 5);
INSERT INTO public.enquiry(id, created_by, created_date, last_modified_date, modified_by, enquiry_type, payment_terms, status, transportation_terms, enquiry_company_id) VALUES (23, 'Prateek', current_timestamp, current_timestamp, 'Prateek', 0, 'ADVANCE', 'Active', 'CIF', 5);
INSERT INTO public.enquiry(id, created_by, created_date, last_modified_date, modified_by, enquiry_type, payment_terms, status, transportation_terms, enquiry_company_id) VALUES (24, 'Prateek', current_timestamp, current_timestamp, 'Prateek', 0, 'OTHERS', 'Active', 'FOB', 5);
INSERT INTO public.enquiry(id, created_by, created_date, last_modified_date, modified_by, enquiry_type, payment_terms, status, transportation_terms, enquiry_company_id) VALUES (25, 'Prateek', current_timestamp, current_timestamp, 'Prateek', 0, 'LC_AT_SITE', 'Active', 'CFR', 5);
INSERT INTO public.enquiry(id, created_by, created_date, last_modified_date, modified_by, enquiry_type, payment_terms, status, transportation_terms, enquiry_company_id) VALUES (26, 'Prateek', current_timestamp, current_timestamp, 'Prateek', 1, 'ADVANCE', 'Active', 'CFR', 5);
INSERT INTO public.enquiry(id, created_by, created_date, last_modified_date, modified_by, enquiry_type, payment_terms, status, transportation_terms, enquiry_company_id) VALUES (27, 'Prateek', current_timestamp, current_timestamp, 'Prateek', 1, 'ADVANCE', 'Complete', 'OTHERS', 5);
INSERT INTO public.enquiry(id, created_by, created_date, last_modified_date, modified_by, enquiry_type, payment_terms, status, transportation_terms, enquiry_company_id) VALUES (28, 'Prateek', current_timestamp, current_timestamp, 'Prateek', 1, 'ADVANCE', 'Inreview', 'OTHERS', 5);

-- Create Sample Enquiry Items
INSERT INTO public.item(id, created_by, created_date, last_modified_date, modified_by, quantity, quantity_unit, remarks, sku_id, price) VALUES (46, 'Prateek', current_timestamp, current_timestamp, 'Prateek', 10, 'MT', 'this will be displayed with every item', 1, 0);
INSERT INTO public.item(id, created_by, created_date, last_modified_date, modified_by, quantity, quantity_unit, remarks, sku_id, price) VALUES (47, 'Prateek', current_timestamp, current_timestamp, 'Prateek', 20, 'Kg', 'this will be displayed with every item', 2, 0);
INSERT INTO public.item(id, created_by, created_date, last_modified_date, modified_by, quantity, quantity_unit, remarks, sku_id, price) VALUES (48, 'Prateek', current_timestamp, current_timestamp, 'Prateek', 30, 'MT', 'this will be displayed with every item', 3, 0);
INSERT INTO public.item(id, created_by, created_date, last_modified_date, modified_by, quantity, quantity_unit, remarks, sku_id, price) VALUES (49, 'Prateek', current_timestamp, current_timestamp, 'Prateek', 100, 'Kg', 'this will be displayed with every item', 4, 0);
INSERT INTO public.item(id, created_by, created_date, last_modified_date, modified_by, quantity, quantity_unit, remarks, sku_id, price) VALUES (50, 'Prateek', current_timestamp, current_timestamp, 'Prateek', 40, 'MT', 'this will be displayed with every item', 5, 0);
INSERT INTO public.item(id, created_by, created_date, last_modified_date, modified_by, quantity, quantity_unit, remarks, sku_id, price) VALUES (51, 'Prateek', current_timestamp, current_timestamp, 'Prateek', 50, 'Kg', 'this will be displayed with every item', 6, 0);
INSERT INTO public.item(id, created_by, created_date, last_modified_date, modified_by, quantity, quantity_unit, remarks, sku_id, price) VALUES (52, 'Prateek', current_timestamp, current_timestamp, 'Prateek', 10, 'MT', 'this will be displayed with every item', 7, 0);
INSERT INTO public.item(id, created_by, created_date, last_modified_date, modified_by, quantity, quantity_unit, remarks, sku_id, price) VALUES (53, 'Prateek', current_timestamp, current_timestamp, 'Prateek', 60, 'Kg', 'this will be displayed with every item', 8, 0);
INSERT INTO public.item(id, created_by, created_date, last_modified_date, modified_by, quantity, quantity_unit, remarks, sku_id, price) VALUES (54, 'Prateek', current_timestamp, current_timestamp, 'Prateek', 5, 'Kg', 'this will be displayed with every item', 9, 0);
INSERT INTO public.item(id, created_by, created_date, last_modified_date, modified_by, quantity, quantity_unit, remarks, sku_id, price) VALUES (55, 'Prateek', current_timestamp, current_timestamp, 'Prateek', 19, 'MT', 'this will be displayed with every item', 10, 0);
INSERT INTO public.item(id, created_by, created_date, last_modified_date, modified_by, quantity, quantity_unit, remarks, sku_id, price) VALUES (56, 'Prateek', current_timestamp, current_timestamp, 'Prateek', 1001, 'Kg', 'this will be displayed with every item', 11, 0);
INSERT INTO public.item(id, created_by, created_date, last_modified_date, modified_by, quantity, quantity_unit, remarks, sku_id, price) VALUES (57, 'Prateek', current_timestamp, current_timestamp, 'Prateek', 25, 'MT', 'this will be displayed with every item', 12, 0);
INSERT INTO public.item(id, created_by, created_date, last_modified_date, modified_by, quantity, quantity_unit, remarks, sku_id, price) VALUES (58, 'Prateek', current_timestamp, current_timestamp, 'Prateek', 80, 'Kg', 'this will be displayed with every item', 13, 0);
INSERT INTO public.item(id, created_by, created_date, last_modified_date, modified_by, quantity, quantity_unit, remarks, sku_id, price) VALUES (59, 'Prateek', current_timestamp, current_timestamp, 'Prateek', 70, 'Kg', 'this will be displayed with every item', 14, 0);
INSERT INTO public.item(id, created_by, created_date, last_modified_date, modified_by, quantity, quantity_unit, remarks, sku_id, price) VALUES (60, 'Prateek', current_timestamp, current_timestamp, 'Prateek', 1, 'MT', 'this will be displayed with every item', 15, 0);

-- Create Sample Enquiry Items Mappings
INSERT INTO public.enquiry_item(enquiry_id, item_id) VALUES (22, 46);
INSERT INTO public.enquiry_item(enquiry_id, item_id) VALUES (22, 47);
INSERT INTO public.enquiry_item(enquiry_id, item_id) VALUES (22, 48);
INSERT INTO public.enquiry_item(enquiry_id, item_id) VALUES (22, 49);
INSERT INTO public.enquiry_item(enquiry_id, item_id) VALUES (23, 50);
INSERT INTO public.enquiry_item(enquiry_id, item_id) VALUES (24, 51);
INSERT INTO public.enquiry_item(enquiry_id, item_id) VALUES (24, 52);
INSERT INTO public.enquiry_item(enquiry_id, item_id) VALUES (25, 53);
INSERT INTO public.enquiry_item(enquiry_id, item_id) VALUES (26, 54);
INSERT INTO public.enquiry_item(enquiry_id, item_id) VALUES (27, 55);
INSERT INTO public.enquiry_item(enquiry_id, item_id) VALUES (27, 56);
INSERT INTO public.enquiry_item(enquiry_id, item_id) VALUES (27, 57);
INSERT INTO public.enquiry_item(enquiry_id, item_id) VALUES (28, 58);
INSERT INTO public.enquiry_item(enquiry_id, item_id) VALUES (28, 59);
INSERT INTO public.enquiry_item(enquiry_id, item_id) VALUES (28, 60);

ALTER SEQUENCE enquiry_id_seq RESTART WITH 29;
-- Create sample quotes
INSERT INTO public.quote(id, created_by, created_date, last_modified_date, modified_by, payment_terms, status, transportation_terms, enquiry_id, quote_company_id) VALUES (1, 'Yogesh', current_timestamp, current_timestamp, 'Yogesh', 'OTHERS', 'Active', 'OTHERS', 1, 3);
INSERT INTO public.quote(id, created_by, created_date, last_modified_date, modified_by, payment_terms, status, transportation_terms, enquiry_id, quote_company_id) VALUES (2, 'Yogesh', current_timestamp, current_timestamp, 'Yogesh', 'OTHERS', 'Active', 'OTHERS', 2, 3);
INSERT INTO public.quote(id, created_by, created_date, last_modified_date, modified_by, payment_terms, status, transportation_terms, enquiry_id, quote_company_id) VALUES (3, 'Yogesh', current_timestamp, current_timestamp, 'Yogesh', 'OTHERS', 'Active', 'OTHERS', 3, 3);
INSERT INTO public.quote(id, created_by, created_date, last_modified_date, modified_by, payment_terms, status, transportation_terms, enquiry_id, quote_company_id) VALUES (4, 'Yogesh', current_timestamp, current_timestamp, 'Yogesh', 'OTHERS', 'Active', 'OTHERS', 4, 3);
INSERT INTO public.quote(id, created_by, created_date, last_modified_date, modified_by, payment_terms, status, transportation_terms, enquiry_id, quote_company_id) VALUES (5, 'Yogesh', current_timestamp, current_timestamp, 'Yogesh', 'OTHERS', 'Inreview', 'OTHERS', 5, 3);
INSERT INTO public.quote(id, created_by, created_date, last_modified_date, modified_by, payment_terms, status, transportation_terms, enquiry_id, quote_company_id) VALUES (6, 'Yogesh', current_timestamp, current_timestamp, 'Yogesh', 'OTHERS', 'Complete', 'OTHERS', 6, 3);
INSERT INTO public.quote(id, created_by, created_date, last_modified_date, modified_by, payment_terms, status, transportation_terms, enquiry_id, quote_company_id) VALUES (7, 'Valmik', current_timestamp, current_timestamp, 'Valmik', 'OTHERS', 'Inreview', 'OTHERS', 1, 4);
INSERT INTO public.quote(id, created_by, created_date, last_modified_date, modified_by, payment_terms, status, transportation_terms, enquiry_id, quote_company_id) VALUES (8, 'Valmik', current_timestamp, current_timestamp, 'Valmik', 'OTHERS', 'Active', 'OTHERS', 2, 4);
INSERT INTO public.quote(id, created_by, created_date, last_modified_date, modified_by, payment_terms, status, transportation_terms, enquiry_id, quote_company_id) VALUES (9, 'Valmik', current_timestamp, current_timestamp, 'Valmik', 'OTHERS', 'Active', 'OTHERS', 3, 4);
INSERT INTO public.quote(id, created_by, created_date, last_modified_date, modified_by, payment_terms, status, transportation_terms, enquiry_id, quote_company_id) VALUES (10, 'Valmik', current_timestamp, current_timestamp, 'Valmik', 'OTHERS', 'Active', 'OTHERS', 4, 4);
INSERT INTO public.quote(id, created_by, created_date, last_modified_date, modified_by, payment_terms, status, transportation_terms, enquiry_id, quote_company_id) VALUES (11, 'Valmik', current_timestamp, current_timestamp, 'Valmik', 'OTHERS', 'Active', 'OTHERS', 5, 4);
INSERT INTO public.quote(id, created_by, created_date, last_modified_date, modified_by, payment_terms, status, transportation_terms, enquiry_id, quote_company_id) VALUES (12, 'Valmik', current_timestamp, current_timestamp, 'Valmik', 'OTHERS', 'Active', 'OTHERS', 6, 4);
INSERT INTO public.quote(id, created_by, created_date, last_modified_date, modified_by, payment_terms, status, transportation_terms, enquiry_id, quote_company_id) VALUES (13, 'Prateek', current_timestamp, current_timestamp, 'Prateek', 'OTHERS', 'Inreview', 'OTHERS', 1, 5);
INSERT INTO public.quote(id, created_by, created_date, last_modified_date, modified_by, payment_terms, status, transportation_terms, enquiry_id, quote_company_id) VALUES (14, 'Prateek', current_timestamp, current_timestamp, 'Prateek', 'OTHERS', 'Active', 'OTHERS', 2, 5);
INSERT INTO public.quote(id, created_by, created_date, last_modified_date, modified_by, payment_terms, status, transportation_terms, enquiry_id, quote_company_id) VALUES (15, 'Prateek', current_timestamp, current_timestamp, 'Prateek', 'OTHERS', 'Active', 'OTHERS', 3, 5);
INSERT INTO public.quote(id, created_by, created_date, last_modified_date, modified_by, payment_terms, status, transportation_terms, enquiry_id, quote_company_id) VALUES (16, 'Prateek', current_timestamp, current_timestamp, 'Prateek', 'OTHERS', 'Inreview', 'OTHERS', 4, 5);
INSERT INTO public.quote(id, created_by, created_date, last_modified_date, modified_by, payment_terms, status, transportation_terms, enquiry_id, quote_company_id) VALUES (17, 'Prateek', current_timestamp, current_timestamp, 'Prateek', 'OTHERS', 'Active', 'OTHERS', 5, 5);
INSERT INTO public.quote(id, created_by, created_date, last_modified_date, modified_by, payment_terms, status, transportation_terms, enquiry_id, quote_company_id) VALUES (18, 'Prateek', current_timestamp, current_timestamp, 'Prateek', 'OTHERS', 'Active', 'OTHERS', 6, 5);

-- Create sample quotes
INSERT INTO public.quote(id, created_by, created_date, last_modified_date, modified_by, payment_terms, status, transportation_terms, enquiry_id, quote_company_id) VALUES (19, 'Piyush', current_timestamp, current_timestamp, 'Piyush', 'OTHERS', 'Active', 'OTHERS', 8, 2);
INSERT INTO public.quote(id, created_by, created_date, last_modified_date, modified_by, payment_terms, status, transportation_terms, enquiry_id, quote_company_id) VALUES (20, 'Piyush', current_timestamp, current_timestamp, 'Piyush', 'OTHERS', 'Active', 'OTHERS', 9, 2);
INSERT INTO public.quote(id, created_by, created_date, last_modified_date, modified_by, payment_terms, status, transportation_terms, enquiry_id, quote_company_id) VALUES (21, 'Piyush', current_timestamp, current_timestamp, 'Piyush', 'OTHERS', 'Active', 'OTHERS', 10, 2);
INSERT INTO public.quote(id, created_by, created_date, last_modified_date, modified_by, payment_terms, status, transportation_terms, enquiry_id, quote_company_id) VALUES (22, 'Piyush', current_timestamp, current_timestamp, 'Piyush', 'OTHERS', 'Active', 'OTHERS', 11, 2);
INSERT INTO public.quote(id, created_by, created_date, last_modified_date, modified_by, payment_terms, status, transportation_terms, enquiry_id, quote_company_id) VALUES (23, 'Piyush', current_timestamp, current_timestamp, 'Piyush', 'OTHERS', 'Inreview', 'OTHERS', 12, 2);
INSERT INTO public.quote(id, created_by, created_date, last_modified_date, modified_by, payment_terms, status, transportation_terms, enquiry_id, quote_company_id) VALUES (24, 'Piyush', current_timestamp, current_timestamp, 'Piyush', 'OTHERS', 'Complete', 'OTHERS', 13, 2);
INSERT INTO public.quote(id, created_by, created_date, last_modified_date, modified_by, payment_terms, status, transportation_terms, enquiry_id, quote_company_id) VALUES (25, 'Valmik', current_timestamp, current_timestamp, 'Valmik', 'OTHERS', 'Inreview', 'OTHERS', 8, 4);
INSERT INTO public.quote(id, created_by, created_date, last_modified_date, modified_by, payment_terms, status, transportation_terms, enquiry_id, quote_company_id) VALUES (26, 'Valmik', current_timestamp, current_timestamp, 'Valmik', 'OTHERS', 'Active', 'OTHERS', 9, 4);
INSERT INTO public.quote(id, created_by, created_date, last_modified_date, modified_by, payment_terms, status, transportation_terms, enquiry_id, quote_company_id) VALUES (27, 'Valmik', current_timestamp, current_timestamp, 'Valmik', 'OTHERS', 'Active', 'OTHERS', 10, 4);
INSERT INTO public.quote(id, created_by, created_date, last_modified_date, modified_by, payment_terms, status, transportation_terms, enquiry_id, quote_company_id) VALUES (28, 'Valmik', current_timestamp, current_timestamp, 'Valmik', 'OTHERS', 'Active', 'OTHERS', 11, 4);
INSERT INTO public.quote(id, created_by, created_date, last_modified_date, modified_by, payment_terms, status, transportation_terms, enquiry_id, quote_company_id) VALUES (29, 'Valmik', current_timestamp, current_timestamp, 'Valmik', 'OTHERS', 'Active', 'OTHERS', 12, 4);
INSERT INTO public.quote(id, created_by, created_date, last_modified_date, modified_by, payment_terms, status, transportation_terms, enquiry_id, quote_company_id) VALUES (30, 'Valmik', current_timestamp, current_timestamp, 'Valmik', 'OTHERS', 'Active', 'OTHERS', 13, 4);
INSERT INTO public.quote(id, created_by, created_date, last_modified_date, modified_by, payment_terms, status, transportation_terms, enquiry_id, quote_company_id) VALUES (31, 'Prateek', current_timestamp, current_timestamp, 'Prateek', 'OTHERS', 'Inreview', 'OTHERS', 8, 5);
INSERT INTO public.quote(id, created_by, created_date, last_modified_date, modified_by, payment_terms, status, transportation_terms, enquiry_id, quote_company_id) VALUES (32, 'Prateek', current_timestamp, current_timestamp, 'Prateek', 'OTHERS', 'Active', 'OTHERS', 9, 5);
INSERT INTO public.quote(id, created_by, created_date, last_modified_date, modified_by, payment_terms, status, transportation_terms, enquiry_id, quote_company_id) VALUES (33, 'Prateek', current_timestamp, current_timestamp, 'Prateek', 'OTHERS', 'Active', 'OTHERS', 10, 5);
INSERT INTO public.quote(id, created_by, created_date, last_modified_date, modified_by, payment_terms, status, transportation_terms, enquiry_id, quote_company_id) VALUES (34, 'Prateek', current_timestamp, current_timestamp, 'Prateek', 'OTHERS', 'Inreview', 'OTHERS', 11, 5);
INSERT INTO public.quote(id, created_by, created_date, last_modified_date, modified_by, payment_terms, status, transportation_terms, enquiry_id, quote_company_id) VALUES (35, 'Prateek', current_timestamp, current_timestamp, 'Prateek', 'OTHERS', 'Active', 'OTHERS', 12, 5);
INSERT INTO public.quote(id, created_by, created_date, last_modified_date, modified_by, payment_terms, status, transportation_terms, enquiry_id, quote_company_id) VALUES (36, 'Prateek', current_timestamp, current_timestamp, 'Prateek', 'OTHERS', 'Active', 'OTHERS', 13, 5);

-- Create sample quotes
INSERT INTO public.quote(id, created_by, created_date, last_modified_date, modified_by, payment_terms, status, transportation_terms, enquiry_id, quote_company_id) VALUES (37, 'Yogesh', current_timestamp, current_timestamp, 'Yogesh', 'OTHERS', 'Active', 'OTHERS', 15, 3);
INSERT INTO public.quote(id, created_by, created_date, last_modified_date, modified_by, payment_terms, status, transportation_terms, enquiry_id, quote_company_id) VALUES (38, 'Yogesh', current_timestamp, current_timestamp, 'Yogesh', 'OTHERS', 'Active', 'OTHERS', 16, 3);
INSERT INTO public.quote(id, created_by, created_date, last_modified_date, modified_by, payment_terms, status, transportation_terms, enquiry_id, quote_company_id) VALUES (39, 'Yogesh', current_timestamp, current_timestamp, 'Yogesh', 'OTHERS', 'Active', 'OTHERS', 17, 3);
INSERT INTO public.quote(id, created_by, created_date, last_modified_date, modified_by, payment_terms, status, transportation_terms, enquiry_id, quote_company_id) VALUES (40, 'Yogesh', current_timestamp, current_timestamp, 'Yogesh', 'OTHERS', 'Active', 'OTHERS', 18, 3);
INSERT INTO public.quote(id, created_by, created_date, last_modified_date, modified_by, payment_terms, status, transportation_terms, enquiry_id, quote_company_id) VALUES (41, 'Yogesh', current_timestamp, current_timestamp, 'Yogesh', 'OTHERS', 'Inreview', 'OTHERS', 19, 3);
INSERT INTO public.quote(id, created_by, created_date, last_modified_date, modified_by, payment_terms, status, transportation_terms, enquiry_id, quote_company_id) VALUES (42, 'Yogesh', current_timestamp, current_timestamp, 'Yogesh', 'OTHERS', 'Complete', 'OTHERS', 20, 3);
INSERT INTO public.quote(id, created_by, created_date, last_modified_date, modified_by, payment_terms, status, transportation_terms, enquiry_id, quote_company_id) VALUES (43, 'Piyush', current_timestamp, current_timestamp, 'Piyush', 'OTHERS', 'Inreview', 'OTHERS', 15, 2);
INSERT INTO public.quote(id, created_by, created_date, last_modified_date, modified_by, payment_terms, status, transportation_terms, enquiry_id, quote_company_id) VALUES (44, 'Piyush', current_timestamp, current_timestamp, 'Piyush', 'OTHERS', 'Active', 'OTHERS', 16, 2);
INSERT INTO public.quote(id, created_by, created_date, last_modified_date, modified_by, payment_terms, status, transportation_terms, enquiry_id, quote_company_id) VALUES (45, 'Piyush', current_timestamp, current_timestamp, 'Piyush', 'OTHERS', 'Active', 'OTHERS', 17, 2);
INSERT INTO public.quote(id, created_by, created_date, last_modified_date, modified_by, payment_terms, status, transportation_terms, enquiry_id, quote_company_id) VALUES (46, 'Piyush', current_timestamp, current_timestamp, 'Piyush', 'OTHERS', 'Active', 'OTHERS', 18, 2);
INSERT INTO public.quote(id, created_by, created_date, last_modified_date, modified_by, payment_terms, status, transportation_terms, enquiry_id, quote_company_id) VALUES (47, 'Piyush', current_timestamp, current_timestamp, 'Piyush', 'OTHERS', 'Active', 'OTHERS', 19, 2);
INSERT INTO public.quote(id, created_by, created_date, last_modified_date, modified_by, payment_terms, status, transportation_terms, enquiry_id, quote_company_id) VALUES (48, 'Piyush', current_timestamp, current_timestamp, 'Piyush', 'OTHERS', 'Active', 'OTHERS', 20, 2);
INSERT INTO public.quote(id, created_by, created_date, last_modified_date, modified_by, payment_terms, status, transportation_terms, enquiry_id, quote_company_id) VALUES (49, 'Prateek', current_timestamp, current_timestamp, 'Prateek', 'OTHERS', 'Inreview', 'OTHERS', 15, 5);
INSERT INTO public.quote(id, created_by, created_date, last_modified_date, modified_by, payment_terms, status, transportation_terms, enquiry_id, quote_company_id) VALUES (50, 'Prateek', current_timestamp, current_timestamp, 'Prateek', 'OTHERS', 'Active', 'OTHERS', 16, 5);
INSERT INTO public.quote(id, created_by, created_date, last_modified_date, modified_by, payment_terms, status, transportation_terms, enquiry_id, quote_company_id) VALUES (51, 'Prateek', current_timestamp, current_timestamp, 'Prateek', 'OTHERS', 'Active', 'OTHERS', 17, 5);
INSERT INTO public.quote(id, created_by, created_date, last_modified_date, modified_by, payment_terms, status, transportation_terms, enquiry_id, quote_company_id) VALUES (52, 'Prateek', current_timestamp, current_timestamp, 'Prateek', 'OTHERS', 'Inreview', 'OTHERS', 18, 5);
INSERT INTO public.quote(id, created_by, created_date, last_modified_date, modified_by, payment_terms, status, transportation_terms, enquiry_id, quote_company_id) VALUES (53, 'Prateek', current_timestamp, current_timestamp, 'Prateek', 'OTHERS', 'Active', 'OTHERS', 19, 5);
INSERT INTO public.quote(id, created_by, created_date, last_modified_date, modified_by, payment_terms, status, transportation_terms, enquiry_id, quote_company_id) VALUES (54, 'Prateek', current_timestamp, current_timestamp, 'Prateek', 'OTHERS', 'Active', 'OTHERS', 20, 5);

-- Create sample quotes
INSERT INTO public.quote(id, created_by, created_date, last_modified_date, modified_by, payment_terms, status, transportation_terms, enquiry_id, quote_company_id) VALUES (55, 'Yogesh', current_timestamp, current_timestamp, 'Yogesh', 'OTHERS', 'Active', 'OTHERS', 22, 3);
INSERT INTO public.quote(id, created_by, created_date, last_modified_date, modified_by, payment_terms, status, transportation_terms, enquiry_id, quote_company_id) VALUES (56, 'Yogesh', current_timestamp, current_timestamp, 'Yogesh', 'OTHERS', 'Active', 'OTHERS', 23, 3);
INSERT INTO public.quote(id, created_by, created_date, last_modified_date, modified_by, payment_terms, status, transportation_terms, enquiry_id, quote_company_id) VALUES (57, 'Yogesh', current_timestamp, current_timestamp, 'Yogesh', 'OTHERS', 'Active', 'OTHERS', 24, 3);
INSERT INTO public.quote(id, created_by, created_date, last_modified_date, modified_by, payment_terms, status, transportation_terms, enquiry_id, quote_company_id) VALUES (58, 'Yogesh', current_timestamp, current_timestamp, 'Yogesh', 'OTHERS', 'Active', 'OTHERS', 25, 3);
INSERT INTO public.quote(id, created_by, created_date, last_modified_date, modified_by, payment_terms, status, transportation_terms, enquiry_id, quote_company_id) VALUES (59, 'Yogesh', current_timestamp, current_timestamp, 'Yogesh', 'OTHERS', 'Inreview', 'OTHERS', 26, 3);
INSERT INTO public.quote(id, created_by, created_date, last_modified_date, modified_by, payment_terms, status, transportation_terms, enquiry_id, quote_company_id) VALUES (60, 'Yogesh', current_timestamp, current_timestamp, 'Yogesh', 'OTHERS', 'Complete', 'OTHERS', 27, 3);
INSERT INTO public.quote(id, created_by, created_date, last_modified_date, modified_by, payment_terms, status, transportation_terms, enquiry_id, quote_company_id) VALUES (61, 'Valmik', current_timestamp, current_timestamp, 'Valmik', 'OTHERS', 'Inreview', 'OTHERS', 22, 4);
INSERT INTO public.quote(id, created_by, created_date, last_modified_date, modified_by, payment_terms, status, transportation_terms, enquiry_id, quote_company_id) VALUES (62, 'Valmik', current_timestamp, current_timestamp, 'Valmik', 'OTHERS', 'Active', 'OTHERS', 23, 4);
INSERT INTO public.quote(id, created_by, created_date, last_modified_date, modified_by, payment_terms, status, transportation_terms, enquiry_id, quote_company_id) VALUES (63, 'Valmik', current_timestamp, current_timestamp, 'Valmik', 'OTHERS', 'Active', 'OTHERS', 24, 4);
INSERT INTO public.quote(id, created_by, created_date, last_modified_date, modified_by, payment_terms, status, transportation_terms, enquiry_id, quote_company_id) VALUES (64, 'Valmik', current_timestamp, current_timestamp, 'Valmik', 'OTHERS', 'Active', 'OTHERS', 25, 4);
INSERT INTO public.quote(id, created_by, created_date, last_modified_date, modified_by, payment_terms, status, transportation_terms, enquiry_id, quote_company_id) VALUES (65, 'Valmik', current_timestamp, current_timestamp, 'Valmik', 'OTHERS', 'Active', 'OTHERS', 26, 4);
INSERT INTO public.quote(id, created_by, created_date, last_modified_date, modified_by, payment_terms, status, transportation_terms, enquiry_id, quote_company_id) VALUES (66, 'Valmik', current_timestamp, current_timestamp, 'Valmik', 'OTHERS', 'Active', 'OTHERS', 27, 4);
INSERT INTO public.quote(id, created_by, created_date, last_modified_date, modified_by, payment_terms, status, transportation_terms, enquiry_id, quote_company_id) VALUES (67, 'Piyush', current_timestamp, current_timestamp, 'Piyush', 'OTHERS', 'Inreview', 'OTHERS', 22, 2);
INSERT INTO public.quote(id, created_by, created_date, last_modified_date, modified_by, payment_terms, status, transportation_terms, enquiry_id, quote_company_id) VALUES (68, 'Piyush', current_timestamp, current_timestamp, 'Piyush', 'OTHERS', 'Active', 'OTHERS', 23, 2);
INSERT INTO public.quote(id, created_by, created_date, last_modified_date, modified_by, payment_terms, status, transportation_terms, enquiry_id, quote_company_id) VALUES (69, 'Piyush', current_timestamp, current_timestamp, 'Piyush', 'OTHERS', 'Active', 'OTHERS', 24, 2);
INSERT INTO public.quote(id, created_by, created_date, last_modified_date, modified_by, payment_terms, status, transportation_terms, enquiry_id, quote_company_id) VALUES (70, 'Piyush', current_timestamp, current_timestamp, 'Piyush', 'OTHERS', 'Inreview', 'OTHERS', 25, 2);
INSERT INTO public.quote(id, created_by, created_date, last_modified_date, modified_by, payment_terms, status, transportation_terms, enquiry_id, quote_company_id) VALUES (71, 'Piyush', current_timestamp, current_timestamp, 'Piyush', 'OTHERS', 'Active', 'OTHERS', 26, 2);
INSERT INTO public.quote(id, created_by, created_date, last_modified_date, modified_by, payment_terms, status, transportation_terms, enquiry_id, quote_company_id) VALUES (72, 'Piyush', current_timestamp, current_timestamp, 'Piyush', 'OTHERS', 'Active', 'OTHERS', 27, 2);
ALTER SEQUENCE quote_id_seq RESTART WITH 73;

-- Create sample quote Items
INSERT INTO public.item(id, created_by, created_date, last_modified_date, modified_by, quantity, quantity_unit, remarks, sku_id, price) VALUES (61, 'Yogesh', current_timestamp, current_timestamp, 'Yogesh', 10, 'MT', 'this will be displayed with every item', 1, 510);
INSERT INTO public.item(id, created_by, created_date, last_modified_date, modified_by, quantity, quantity_unit, remarks, sku_id, price) VALUES (62, 'Yogesh', current_timestamp, current_timestamp, 'Yogesh', 20, 'Kg', 'this will be displayed with every item', 2, 512);
INSERT INTO public.item(id, created_by, created_date, last_modified_date, modified_by, quantity, quantity_unit, remarks, sku_id, price) VALUES (63, 'Yogesh', current_timestamp, current_timestamp, 'Yogesh', 30, 'MT', 'this will be displayed with every item', 3, 600);
INSERT INTO public.item(id, created_by, created_date, last_modified_date, modified_by, quantity, quantity_unit, remarks, sku_id, price) VALUES (64, 'Yogesh', current_timestamp, current_timestamp, 'Yogesh', 100, 'Kg', 'this will be displayed with every item', 4, 610.10);
INSERT INTO public.item(id, created_by, created_date, last_modified_date, modified_by, quantity, quantity_unit, remarks, sku_id, price) VALUES (65, 'Yogesh', current_timestamp, current_timestamp, 'Yogesh', 40, 'MT', 'this will be displayed with every item', 5, 509);
INSERT INTO public.item(id, created_by, created_date, last_modified_date, modified_by, quantity, quantity_unit, remarks, sku_id, price) VALUES (66, 'Yogesh', current_timestamp, current_timestamp, 'Yogesh', 50, 'Kg', 'this will be displayed with every item', 6, 1000);
INSERT INTO public.item(id, created_by, created_date, last_modified_date, modified_by, quantity, quantity_unit, remarks, sku_id, price) VALUES (67, 'Yogesh', current_timestamp, current_timestamp, 'Yogesh', 10, 'MT', 'this will be displayed with every item', 7, 890);
INSERT INTO public.item(id, created_by, created_date, last_modified_date, modified_by, quantity, quantity_unit, remarks, sku_id, price) VALUES (68, 'Yogesh', current_timestamp, current_timestamp, 'Yogesh', 60, 'Kg', 'this will be displayed with every item', 8, 670);
INSERT INTO public.item(id, created_by, created_date, last_modified_date, modified_by, quantity, quantity_unit, remarks, sku_id, price) VALUES (69, 'Yogesh', current_timestamp, current_timestamp, 'Yogesh', 5, 'Kg', 'this will be displayed with every item', 9, 480);
INSERT INTO public.item(id, created_by, created_date, last_modified_date, modified_by, quantity, quantity_unit, remarks, sku_id, price) VALUES (70, 'Yogesh', current_timestamp, current_timestamp, 'Yogesh', 19, 'MT', 'this will be displayed with every item', 10, 456);
INSERT INTO public.item(id, created_by, created_date, last_modified_date, modified_by, quantity, quantity_unit, remarks, sku_id, price) VALUES (71, 'Valmik', current_timestamp, current_timestamp, 'Valmik', 10, 'MT', 'this will be displayed with every item', 1, 510.50);
INSERT INTO public.item(id, created_by, created_date, last_modified_date, modified_by, quantity, quantity_unit, remarks, sku_id, price) VALUES (72, 'Valmik', current_timestamp, current_timestamp, 'Valmik', 20, 'Kg', 'this will be displayed with every item', 2, 512);
INSERT INTO public.item(id, created_by, created_date, last_modified_date, modified_by, quantity, quantity_unit, remarks, sku_id, price) VALUES (73, 'Valmik', current_timestamp, current_timestamp, 'Valmik', 30, 'MT', 'this will be displayed with every item', 3, 456);
INSERT INTO public.item(id, created_by, created_date, last_modified_date, modified_by, quantity, quantity_unit, remarks, sku_id, price) VALUES (74, 'Valmik', current_timestamp, current_timestamp, 'Valmik', 100, 'Kg', 'this will be displayed with every item', 4, 1000.09);
INSERT INTO public.item(id, created_by, created_date, last_modified_date, modified_by, quantity, quantity_unit, remarks, sku_id, price) VALUES (75, 'Valmik', current_timestamp, current_timestamp, 'Valmik', 40, 'MT', 'this will be displayed with every item', 5, 345);
INSERT INTO public.item(id, created_by, created_date, last_modified_date, modified_by, quantity, quantity_unit, remarks, sku_id, price) VALUES (76, 'Valmik', current_timestamp, current_timestamp, 'Valmik', 50, 'Kg', 'this will be displayed with every item', 6, 890);
INSERT INTO public.item(id, created_by, created_date, last_modified_date, modified_by, quantity, quantity_unit, remarks, sku_id, price) VALUES (77, 'Valmik', current_timestamp, current_timestamp, 'Valmik', 10, 'MT', 'this will be displayed with every item', 7, 767);
INSERT INTO public.item(id, created_by, created_date, last_modified_date, modified_by, quantity, quantity_unit, remarks, sku_id, price) VALUES (78, 'Valmik', current_timestamp, current_timestamp, 'Valmik', 60, 'Kg', 'this will be displayed with every item', 8, 500);
INSERT INTO public.item(id, created_by, created_date, last_modified_date, modified_by, quantity, quantity_unit, remarks, sku_id, price) VALUES (79, 'Valmik', current_timestamp, current_timestamp, 'Valmik', 5, 'Kg', 'this will be displayed with every item', 9, 345);
INSERT INTO public.item(id, created_by, created_date, last_modified_date, modified_by, quantity, quantity_unit, remarks, sku_id, price) VALUES (80, 'Valmik', current_timestamp, current_timestamp, 'Valmik', 19, 'MT', 'this will be displayed with every item', 10, 675);
INSERT INTO public.item(id, created_by, created_date, last_modified_date, modified_by, quantity, quantity_unit, remarks, sku_id, price) VALUES (81, 'Prateek', current_timestamp, current_timestamp, 'Prateek', 10, 'MT', 'this will be displayed with every item', 1, 789);
INSERT INTO public.item(id, created_by, created_date, last_modified_date, modified_by, quantity, quantity_unit, remarks, sku_id, price) VALUES (82, 'Prateek', current_timestamp, current_timestamp, 'Prateek', 20, 'Kg', 'this will be displayed with every item', 2, 564);
INSERT INTO public.item(id, created_by, created_date, last_modified_date, modified_by, quantity, quantity_unit, remarks, sku_id, price) VALUES (83, 'Prateek', current_timestamp, current_timestamp, 'Prateek', 30, 'MT', 'this will be displayed with every item', 3, 450);
INSERT INTO public.item(id, created_by, created_date, last_modified_date, modified_by, quantity, quantity_unit, remarks, sku_id, price) VALUES (84, 'Prateek', current_timestamp, current_timestamp, 'Prateek', 100, 'Kg', 'this will be displayed with every item', 4, 512);
INSERT INTO public.item(id, created_by, created_date, last_modified_date, modified_by, quantity, quantity_unit, remarks, sku_id, price) VALUES (85, 'Prateek', current_timestamp, current_timestamp, 'Prateek', 40, 'MT', 'this will be displayed with every item', 5, 508);
INSERT INTO public.item(id, created_by, created_date, last_modified_date, modified_by, quantity, quantity_unit, remarks, sku_id, price) VALUES (86, 'Prateek', current_timestamp, current_timestamp, 'Prateek', 50, 'Kg', 'this will be displayed with every item', 6, 530);
INSERT INTO public.item(id, created_by, created_date, last_modified_date, modified_by, quantity, quantity_unit, remarks, sku_id, price) VALUES (87, 'Prateek', current_timestamp, current_timestamp, 'Prateek', 10, 'MT', 'this will be displayed with every item', 7, 789);
INSERT INTO public.item(id, created_by, created_date, last_modified_date, modified_by, quantity, quantity_unit, remarks, sku_id, price) VALUES (88, 'Prateek', current_timestamp, current_timestamp, 'Prateek', 60, 'Kg', 'this will be displayed with every item', 8, 543);
INSERT INTO public.item(id, created_by, created_date, last_modified_date, modified_by, quantity, quantity_unit, remarks, sku_id, price) VALUES (89, 'Prateek', current_timestamp, current_timestamp, 'Prateek', 5, 'Kg', 'this will be displayed with every item', 9, 788);
INSERT INTO public.item(id, created_by, created_date, last_modified_date, modified_by, quantity, quantity_unit, remarks, sku_id, price) VALUES (90, 'Prateek', current_timestamp, current_timestamp, 'Prateek', 19, 'MT', 'this will be displayed with every item', 10, 800);

-- Create sample quote Items
INSERT INTO public.item(id, created_by, created_date, last_modified_date, modified_by, quantity, quantity_unit, remarks, sku_id, price) VALUES (91, 'Piyush', current_timestamp, current_timestamp, 'Piyush', 10, 'MT', 'this will be displayed with every item', 1, 560);
INSERT INTO public.item(id, created_by, created_date, last_modified_date, modified_by, quantity, quantity_unit, remarks, sku_id, price) VALUES (92, 'Piyush', current_timestamp, current_timestamp, 'Piyush', 20, 'Kg', 'this will be displayed with every item', 2, 787);
INSERT INTO public.item(id, created_by, created_date, last_modified_date, modified_by, quantity, quantity_unit, remarks, sku_id, price) VALUES (93, 'Piyush', current_timestamp, current_timestamp, 'Piyush', 30, 'MT', 'this will be displayed with every item', 3, 567);
INSERT INTO public.item(id, created_by, created_date, last_modified_date, modified_by, quantity, quantity_unit, remarks, sku_id, price) VALUES (94, 'Piyush', current_timestamp, current_timestamp, 'Piyush', 100, 'Kg', 'this will be displayed with every item', 4, 456.60);
INSERT INTO public.item(id, created_by, created_date, last_modified_date, modified_by, quantity, quantity_unit, remarks, sku_id, price) VALUES (95, 'Piyush', current_timestamp, current_timestamp, 'Piyush', 40, 'MT', 'this will be displayed with every item', 5, 678);
INSERT INTO public.item(id, created_by, created_date, last_modified_date, modified_by, quantity, quantity_unit, remarks, sku_id, price) VALUES (96, 'Piyush', current_timestamp, current_timestamp, 'Piyush', 50, 'Kg', 'this will be displayed with every item', 6, 545);
INSERT INTO public.item(id, created_by, created_date, last_modified_date, modified_by, quantity, quantity_unit, remarks, sku_id, price) VALUES (97, 'Piyush', current_timestamp, current_timestamp, 'Piyush', 10, 'MT', 'this will be displayed with every item', 7, 444);
INSERT INTO public.item(id, created_by, created_date, last_modified_date, modified_by, quantity, quantity_unit, remarks, sku_id, price) VALUES (98, 'Piyush', current_timestamp, current_timestamp, 'Piyush', 60, 'Kg', 'this will be displayed with every item', 8, 567);
INSERT INTO public.item(id, created_by, created_date, last_modified_date, modified_by, quantity, quantity_unit, remarks, sku_id, price) VALUES (99, 'Piyush', current_timestamp, current_timestamp, 'Piyush', 5, 'Kg', 'this will be displayed with every item', 9, 512);
INSERT INTO public.item(id, created_by, created_date, last_modified_date, modified_by, quantity, quantity_unit, remarks, sku_id, price) VALUES (100, 'Piyush', current_timestamp, current_timestamp, 'Piyush', 19, 'MT', 'this will be displayed with every item', 10, 345);
INSERT INTO public.item(id, created_by, created_date, last_modified_date, modified_by, quantity, quantity_unit, remarks, sku_id, price) VALUES (101, 'Piyush', current_timestamp, current_timestamp, 'Piyush', 1001, 'Kg', 'this will be displayed with every item', 11, 675);
INSERT INTO public.item(id, created_by, created_date, last_modified_date, modified_by, quantity, quantity_unit, remarks, sku_id, price) VALUES (102, 'Valmik', current_timestamp, current_timestamp, 'Valmik', 10, 'MT', 'this will be displayed with every item', 1, 876);
INSERT INTO public.item(id, created_by, created_date, last_modified_date, modified_by, quantity, quantity_unit, remarks, sku_id, price) VALUES (103, 'Valmik', current_timestamp, current_timestamp, 'Valmik', 20, 'Kg', 'this will be displayed with every item', 2, 765);
INSERT INTO public.item(id, created_by, created_date, last_modified_date, modified_by, quantity, quantity_unit, remarks, sku_id, price) VALUES (104, 'Valmik', current_timestamp, current_timestamp, 'Valmik', 30, 'MT', 'this will be displayed with every item', 3, 675);
INSERT INTO public.item(id, created_by, created_date, last_modified_date, modified_by, quantity, quantity_unit, remarks, sku_id, price) VALUES (105, 'Valmik', current_timestamp, current_timestamp, 'Valmik', 100, 'Kg', 'this will be displayed with every item', 4, 765.44);
INSERT INTO public.item(id, created_by, created_date, last_modified_date, modified_by, quantity, quantity_unit, remarks, sku_id, price) VALUES (106, 'Valmik', current_timestamp, current_timestamp, 'Valmik', 40, 'MT', 'this will be displayed with every item', 5, 778);
INSERT INTO public.item(id, created_by, created_date, last_modified_date, modified_by, quantity, quantity_unit, remarks, sku_id, price) VALUES (107, 'Valmik', current_timestamp, current_timestamp, 'Valmik', 50, 'Kg', 'this will be displayed with every item', 6, 675);
INSERT INTO public.item(id, created_by, created_date, last_modified_date, modified_by, quantity, quantity_unit, remarks, sku_id, price) VALUES (108, 'Valmik', current_timestamp, current_timestamp, 'Valmik', 10, 'MT', 'this will be displayed with every item', 7, 556);
INSERT INTO public.item(id, created_by, created_date, last_modified_date, modified_by, quantity, quantity_unit, remarks, sku_id, price) VALUES (109, 'Valmik', current_timestamp, current_timestamp, 'Valmik', 60, 'Kg', 'this will be displayed with every item', 8, 667);
INSERT INTO public.item(id, created_by, created_date, last_modified_date, modified_by, quantity, quantity_unit, remarks, sku_id, price) VALUES (110, 'Valmik', current_timestamp, current_timestamp, 'Valmik', 5, 'Kg', 'this will be displayed with every item', 9, 554);
INSERT INTO public.item(id, created_by, created_date, last_modified_date, modified_by, quantity, quantity_unit, remarks, sku_id, price) VALUES (111, 'Valmik', current_timestamp, current_timestamp, 'Valmik', 19, 'MT', 'this will be displayed with every item', 10, 556.65);
INSERT INTO public.item(id, created_by, created_date, last_modified_date, modified_by, quantity, quantity_unit, remarks, sku_id, price) VALUES (112, 'Valmik', current_timestamp, current_timestamp, 'Valmik', 1001, 'Kg', 'this will be displayed with every item', 11, 443);
INSERT INTO public.item(id, created_by, created_date, last_modified_date, modified_by, quantity, quantity_unit, remarks, sku_id, price) VALUES (113, 'Prateek', current_timestamp, current_timestamp, 'Prateek', 10, 'MT', 'this will be displayed with every item', 1, 878);
INSERT INTO public.item(id, created_by, created_date, last_modified_date, modified_by, quantity, quantity_unit, remarks, sku_id, price) VALUES (114, 'Prateek', current_timestamp, current_timestamp, 'Prateek', 20, 'Kg', 'this will be displayed with every item', 2, 656);
INSERT INTO public.item(id, created_by, created_date, last_modified_date, modified_by, quantity, quantity_unit, remarks, sku_id, price) VALUES (115, 'Prateek', current_timestamp, current_timestamp, 'Prateek', 30, 'MT', 'this will be displayed with every item', 3, 776);
INSERT INTO public.item(id, created_by, created_date, last_modified_date, modified_by, quantity, quantity_unit, remarks, sku_id, price) VALUES (116, 'Prateek', current_timestamp, current_timestamp, 'Prateek', 100, 'Kg', 'this will be displayed with every item', 4, 567);
INSERT INTO public.item(id, created_by, created_date, last_modified_date, modified_by, quantity, quantity_unit, remarks, sku_id, price) VALUES (117, 'Prateek', current_timestamp, current_timestamp, 'Prateek', 40, 'MT', 'this will be displayed with every item', 5, 567);
INSERT INTO public.item(id, created_by, created_date, last_modified_date, modified_by, quantity, quantity_unit, remarks, sku_id, price) VALUES (118, 'Prateek', current_timestamp, current_timestamp, 'Prateek', 50, 'Kg', 'this will be displayed with every item', 6, 513);
INSERT INTO public.item(id, created_by, created_date, last_modified_date, modified_by, quantity, quantity_unit, remarks, sku_id, price) VALUES (119, 'Prateek', current_timestamp, current_timestamp, 'Prateek', 10, 'MT', 'this will be displayed with every item', 7, 534);
INSERT INTO public.item(id, created_by, created_date, last_modified_date, modified_by, quantity, quantity_unit, remarks, sku_id, price) VALUES (120, 'Prateek', current_timestamp, current_timestamp, 'Prateek', 60, 'Kg', 'this will be displayed with every item', 8, 654);
INSERT INTO public.item(id, created_by, created_date, last_modified_date, modified_by, quantity, quantity_unit, remarks, sku_id, price) VALUES (121, 'Prateek', current_timestamp, current_timestamp, 'Prateek', 5, 'Kg', 'this will be displayed with every item', 9, 456);
INSERT INTO public.item(id, created_by, created_date, last_modified_date, modified_by, quantity, quantity_unit, remarks, sku_id, price) VALUES (122, 'Prateek', current_timestamp, current_timestamp, 'Prateek', 19, 'MT', 'this will be displayed with every item', 10, 765);
INSERT INTO public.item(id, created_by, created_date, last_modified_date, modified_by, quantity, quantity_unit, remarks, sku_id, price) VALUES (123, 'Prateek', current_timestamp, current_timestamp, 'Prateek', 1001, 'Kg', 'this will be displayed with every item', 11, 546);

-- Create sample quote Items
INSERT INTO public.item(id, created_by, created_date, last_modified_date, modified_by, quantity, quantity_unit, remarks, sku_id, price) VALUES (124, 'Piyush', current_timestamp, current_timestamp, 'Piyush', 10, 'MT', 'this will be displayed with every item', 1, 567);
INSERT INTO public.item(id, created_by, created_date, last_modified_date, modified_by, quantity, quantity_unit, remarks, sku_id, price) VALUES (125, 'Piyush', current_timestamp, current_timestamp, 'Piyush', 20, 'Kg', 'this will be displayed with every item', 2, 453);
INSERT INTO public.item(id, created_by, created_date, last_modified_date, modified_by, quantity, quantity_unit, remarks, sku_id, price) VALUES (126, 'Piyush', current_timestamp, current_timestamp, 'Piyush', 30, 'MT', 'this will be displayed with every item', 3, 654);
INSERT INTO public.item(id, created_by, created_date, last_modified_date, modified_by, quantity, quantity_unit, remarks, sku_id, price) VALUES (127, 'Piyush', current_timestamp, current_timestamp, 'Piyush', 100, 'Kg', 'this will be displayed with every item', 4, 564);
INSERT INTO public.item(id, created_by, created_date, last_modified_date, modified_by, quantity, quantity_unit, remarks, sku_id, price) VALUES (128, 'Piyush', current_timestamp, current_timestamp, 'Piyush', 40, 'MT', 'this will be displayed with every item', 5, 564);
INSERT INTO public.item(id, created_by, created_date, last_modified_date, modified_by, quantity, quantity_unit, remarks, sku_id, price) VALUES (129, 'Piyush', current_timestamp, current_timestamp, 'Piyush', 50, 'Kg', 'this will be displayed with every item', 6, 457);
INSERT INTO public.item(id, created_by, created_date, last_modified_date, modified_by, quantity, quantity_unit, remarks, sku_id, price) VALUES (130, 'Piyush', current_timestamp, current_timestamp, 'Piyush', 10, 'MT', 'this will be displayed with every item', 7, 569);
INSERT INTO public.item(id, created_by, created_date, last_modified_date, modified_by, quantity, quantity_unit, remarks, sku_id, price) VALUES (131, 'Piyush', current_timestamp, current_timestamp, 'Piyush', 60, 'Kg', 'this will be displayed with every item', 8, 573);
INSERT INTO public.item(id, created_by, created_date, last_modified_date, modified_by, quantity, quantity_unit, remarks, sku_id, price) VALUES (132, 'Piyush', current_timestamp, current_timestamp, 'Piyush', 5, 'Kg', 'this will be displayed with every item', 9, 997);
INSERT INTO public.item(id, created_by, created_date, last_modified_date, modified_by, quantity, quantity_unit, remarks, sku_id, price) VALUES (133, 'Piyush', current_timestamp, current_timestamp, 'Piyush', 19, 'MT', 'this will be displayed with every item', 10, 845);
INSERT INTO public.item(id, created_by, created_date, last_modified_date, modified_by, quantity, quantity_unit, remarks, sku_id, price) VALUES (134, 'Piyush', current_timestamp, current_timestamp, 'Piyush', 1001, 'Kg', 'this will be displayed with every item', 11, 228);
INSERT INTO public.item(id, created_by, created_date, last_modified_date, modified_by, quantity, quantity_unit, remarks, sku_id, price) VALUES (135, 'Piyush', current_timestamp, current_timestamp, 'Piyush', 25, 'MT', 'this will be displayed with every item', 12, 563);
INSERT INTO public.item(id, created_by, created_date, last_modified_date, modified_by, quantity, quantity_unit, remarks, sku_id, price) VALUES (136, 'Piyush', current_timestamp, current_timestamp, 'Piyush', 80, 'Kg', 'this will be displayed with every item', 13, 564);
INSERT INTO public.item(id, created_by, created_date, last_modified_date, modified_by, quantity, quantity_unit, remarks, sku_id, price) VALUES (137, 'Yogesh', current_timestamp, current_timestamp, 'Yogesh', 10, 'MT', 'this will be displayed with every item', 1, 967);
INSERT INTO public.item(id, created_by, created_date, last_modified_date, modified_by, quantity, quantity_unit, remarks, sku_id, price) VALUES (138, 'Yogesh', current_timestamp, current_timestamp, 'Yogesh', 20, 'Kg', 'this will be displayed with every item', 2, 657);
INSERT INTO public.item(id, created_by, created_date, last_modified_date, modified_by, quantity, quantity_unit, remarks, sku_id, price) VALUES (139, 'Yogesh', current_timestamp, current_timestamp, 'Yogesh', 30, 'MT', 'this will be displayed with every item', 3, 786);
INSERT INTO public.item(id, created_by, created_date, last_modified_date, modified_by, quantity, quantity_unit, remarks, sku_id, price) VALUES (140, 'Yogesh', current_timestamp, current_timestamp, 'Yogesh', 100, 'Kg', 'this will be displayed with every item', 4, 582);
INSERT INTO public.item(id, created_by, created_date, last_modified_date, modified_by, quantity, quantity_unit, remarks, sku_id, price) VALUES (141, 'Yogesh', current_timestamp, current_timestamp, 'Yogesh', 40, 'MT', 'this will be displayed with every item', 5, 842);
INSERT INTO public.item(id, created_by, created_date, last_modified_date, modified_by, quantity, quantity_unit, remarks, sku_id, price) VALUES (142, 'Yogesh', current_timestamp, current_timestamp, 'Yogesh', 50, 'Kg', 'this will be displayed with every item', 6, 8);
INSERT INTO public.item(id, created_by, created_date, last_modified_date, modified_by, quantity, quantity_unit, remarks, sku_id, price) VALUES (143, 'Yogesh', current_timestamp, current_timestamp, 'Yogesh', 10, 'MT', 'this will be displayed with every item', 7, 90);
INSERT INTO public.item(id, created_by, created_date, last_modified_date, modified_by, quantity, quantity_unit, remarks, sku_id, price) VALUES (144, 'Yogesh', current_timestamp, current_timestamp, 'Yogesh', 60, 'Kg', 'this will be displayed with every item', 8, 610);
INSERT INTO public.item(id, created_by, created_date, last_modified_date, modified_by, quantity, quantity_unit, remarks, sku_id, price) VALUES (145, 'Yogesh', current_timestamp, current_timestamp, 'Yogesh', 5, 'Kg', 'this will be displayed with every item', 9, 99);
INSERT INTO public.item(id, created_by, created_date, last_modified_date, modified_by, quantity, quantity_unit, remarks, sku_id, price) VALUES (146, 'Yogesh', current_timestamp, current_timestamp, 'Yogesh', 19, 'MT', 'this will be displayed with every item', 10, 67.87);
INSERT INTO public.item(id, created_by, created_date, last_modified_date, modified_by, quantity, quantity_unit, remarks, sku_id, price) VALUES (147, 'Yogesh', current_timestamp, current_timestamp, 'Yogesh', 1001, 'Kg', 'this will be displayed with every item', 11, 890);
INSERT INTO public.item(id, created_by, created_date, last_modified_date, modified_by, quantity, quantity_unit, remarks, sku_id, price) VALUES (148, 'Yogesh', current_timestamp, current_timestamp, 'Yogesh', 25, 'MT', 'this will be displayed with every item', 12, 670);
INSERT INTO public.item(id, created_by, created_date, last_modified_date, modified_by, quantity, quantity_unit, remarks, sku_id, price) VALUES (149, 'Yogesh', current_timestamp, current_timestamp, 'Yogesh', 80, 'Kg', 'this will be displayed with every item', 13, 569);
INSERT INTO public.item(id, created_by, created_date, last_modified_date, modified_by, quantity, quantity_unit, remarks, sku_id, price) VALUES (150, 'Prateek', current_timestamp, current_timestamp, 'Prateek', 10, 'MT', 'this will be displayed with every item', 1, 560);
INSERT INTO public.item(id, created_by, created_date, last_modified_date, modified_by, quantity, quantity_unit, remarks, sku_id, price) VALUES (151, 'Prateek', current_timestamp, current_timestamp, 'Prateek', 20, 'Kg', 'this will be displayed with every item', 2, 452);
INSERT INTO public.item(id, created_by, created_date, last_modified_date, modified_by, quantity, quantity_unit, remarks, sku_id, price) VALUES (152, 'Prateek', current_timestamp, current_timestamp, 'Prateek', 30, 'MT', 'this will be displayed with every item', 3, 549);
INSERT INTO public.item(id, created_by, created_date, last_modified_date, modified_by, quantity, quantity_unit, remarks, sku_id, price) VALUES (153, 'Prateek', current_timestamp, current_timestamp, 'Prateek', 100, 'Kg', 'this will be displayed with every item', 4, 909);
INSERT INTO public.item(id, created_by, created_date, last_modified_date, modified_by, quantity, quantity_unit, remarks, sku_id, price) VALUES (154, 'Prateek', current_timestamp, current_timestamp, 'Prateek', 40, 'MT', 'this will be displayed with every item', 5, 1000);
INSERT INTO public.item(id, created_by, created_date, last_modified_date, modified_by, quantity, quantity_unit, remarks, sku_id, price) VALUES (155, 'Prateek', current_timestamp, current_timestamp, 'Prateek', 50, 'Kg', 'this will be displayed with every item', 6, 678);
INSERT INTO public.item(id, created_by, created_date, last_modified_date, modified_by, quantity, quantity_unit, remarks, sku_id, price) VALUES (156, 'Prateek', current_timestamp, current_timestamp, 'Prateek', 10, 'MT', 'this will be displayed with every item', 7, 2101);
INSERT INTO public.item(id, created_by, created_date, last_modified_date, modified_by, quantity, quantity_unit, remarks, sku_id, price) VALUES (157, 'Prateek', current_timestamp, current_timestamp, 'Prateek', 60, 'Kg', 'this will be displayed with every item', 8, 672);
INSERT INTO public.item(id, created_by, created_date, last_modified_date, modified_by, quantity, quantity_unit, remarks, sku_id, price) VALUES (158, 'Prateek', current_timestamp, current_timestamp, 'Prateek', 5, 'Kg', 'this will be displayed with every item', 9, 980);
INSERT INTO public.item(id, created_by, created_date, last_modified_date, modified_by, quantity, quantity_unit, remarks, sku_id, price) VALUES (159, 'Prateek', current_timestamp, current_timestamp, 'Prateek', 19, 'MT', 'this will be displayed with every item', 10, 111);
INSERT INTO public.item(id, created_by, created_date, last_modified_date, modified_by, quantity, quantity_unit, remarks, sku_id, price) VALUES (160, 'Prateek', current_timestamp, current_timestamp, 'Prateek', 1001, 'Kg', 'this will be displayed with every item', 11, 130);
INSERT INTO public.item(id, created_by, created_date, last_modified_date, modified_by, quantity, quantity_unit, remarks, sku_id, price) VALUES (161, 'Prateek', current_timestamp, current_timestamp, 'Prateek', 25, 'MT', 'this will be displayed with every item', 12, 562);
INSERT INTO public.item(id, created_by, created_date, last_modified_date, modified_by, quantity, quantity_unit, remarks, sku_id, price) VALUES (162, 'Prateek', current_timestamp, current_timestamp, 'Prateek', 80, 'Kg', 'this will be displayed with every item', 13, 352);

-- Create Sample Quote Items
INSERT INTO public.item(id, created_by, created_date, last_modified_date, modified_by, quantity, quantity_unit, remarks, sku_id, price) VALUES (163, 'Piyush', current_timestamp, current_timestamp, 'Piyush', 10, 'MT', 'this will be displayed with every item', 1, 123);
INSERT INTO public.item(id, created_by, created_date, last_modified_date, modified_by, quantity, quantity_unit, remarks, sku_id, price) VALUES (164, 'Piyush', current_timestamp, current_timestamp, 'Piyush', 20, 'Kg', 'this will be displayed with every item', 2, 786);
INSERT INTO public.item(id, created_by, created_date, last_modified_date, modified_by, quantity, quantity_unit, remarks, sku_id, price) VALUES (165, 'Piyush', current_timestamp, current_timestamp, 'Piyush', 30, 'MT', 'this will be displayed with every item', 3, 432);
INSERT INTO public.item(id, created_by, created_date, last_modified_date, modified_by, quantity, quantity_unit, remarks, sku_id, price) VALUES (166, 'Piyush', current_timestamp, current_timestamp, 'Piyush', 100, 'Kg', 'this will be displayed with every item', 4, 567);
INSERT INTO public.item(id, created_by, created_date, last_modified_date, modified_by, quantity, quantity_unit, remarks, sku_id, price) VALUES (167, 'Piyush', current_timestamp, current_timestamp, 'Piyush', 40, 'MT', 'this will be displayed with every item', 5, 909);
INSERT INTO public.item(id, created_by, created_date, last_modified_date, modified_by, quantity, quantity_unit, remarks, sku_id, price) VALUES (168, 'Piyush', current_timestamp, current_timestamp, 'Piyush', 50, 'Kg', 'this will be displayed with every item', 6, 808);
INSERT INTO public.item(id, created_by, created_date, last_modified_date, modified_by, quantity, quantity_unit, remarks, sku_id, price) VALUES (169, 'Piyush', current_timestamp, current_timestamp, 'Piyush', 10, 'MT', 'this will be displayed with every item', 7, 707);
INSERT INTO public.item(id, created_by, created_date, last_modified_date, modified_by, quantity, quantity_unit, remarks, sku_id, price) VALUES (170, 'Piyush', current_timestamp, current_timestamp, 'Piyush', 60, 'Kg', 'this will be displayed with every item', 8, 606);
INSERT INTO public.item(id, created_by, created_date, last_modified_date, modified_by, quantity, quantity_unit, remarks, sku_id, price) VALUES (171, 'Piyush', current_timestamp, current_timestamp, 'Piyush', 5, 'Kg', 'this will be displayed with every item', 9, 505);
INSERT INTO public.item(id, created_by, created_date, last_modified_date, modified_by, quantity, quantity_unit, remarks, sku_id, price) VALUES (172, 'Piyush', current_timestamp, current_timestamp, 'Piyush', 19, 'MT', 'this will be displayed with every item', 10, 404);
INSERT INTO public.item(id, created_by, created_date, last_modified_date, modified_by, quantity, quantity_unit, remarks, sku_id, price) VALUES (173, 'Piyush', current_timestamp, current_timestamp, 'Piyush', 1001, 'Kg', 'this will be displayed with every item', 11, 303);
INSERT INTO public.item(id, created_by, created_date, last_modified_date, modified_by, quantity, quantity_unit, remarks, sku_id, price) VALUES (174, 'Piyush', current_timestamp, current_timestamp, 'Piyush', 25, 'MT', 'this will be displayed with every item', 12, 202);
INSERT INTO public.item(id, created_by, created_date, last_modified_date, modified_by, quantity, quantity_unit, remarks, sku_id, price) VALUES (175, 'Yogesh', current_timestamp, current_timestamp, 'Yogesh', 10, 'MT', 'this will be displayed with every item', 1, 101);
INSERT INTO public.item(id, created_by, created_date, last_modified_date, modified_by, quantity, quantity_unit, remarks, sku_id, price) VALUES (176, 'Yogesh', current_timestamp, current_timestamp, 'Yogesh', 20, 'Kg', 'this will be displayed with every item', 2, 1001);
INSERT INTO public.item(id, created_by, created_date, last_modified_date, modified_by, quantity, quantity_unit, remarks, sku_id, price) VALUES (177, 'Yogesh', current_timestamp, current_timestamp, 'Yogesh', 30, 'MT', 'this will be displayed with every item', 3, 2002);
INSERT INTO public.item(id, created_by, created_date, last_modified_date, modified_by, quantity, quantity_unit, remarks, sku_id, price) VALUES (178, 'Yogesh', current_timestamp, current_timestamp, 'Yogesh', 100, 'Kg', 'this will be displayed with every item', 4, 3003);
INSERT INTO public.item(id, created_by, created_date, last_modified_date, modified_by, quantity, quantity_unit, remarks, sku_id, price) VALUES (179, 'Yogesh', current_timestamp, current_timestamp, 'Yogesh', 40, 'MT', 'this will be displayed with every item', 5, 4004);
INSERT INTO public.item(id, created_by, created_date, last_modified_date, modified_by, quantity, quantity_unit, remarks, sku_id, price) VALUES (180, 'Yogesh', current_timestamp, current_timestamp, 'Yogesh', 50, 'Kg', 'this will be displayed with every item', 6, 5005);
INSERT INTO public.item(id, created_by, created_date, last_modified_date, modified_by, quantity, quantity_unit, remarks, sku_id, price) VALUES (181, 'Yogesh', current_timestamp, current_timestamp, 'Yogesh', 10, 'MT', 'this will be displayed with every item', 7, 6006);
INSERT INTO public.item(id, created_by, created_date, last_modified_date, modified_by, quantity, quantity_unit, remarks, sku_id, price) VALUES (182, 'Yogesh', current_timestamp, current_timestamp, 'Yogesh', 60, 'Kg', 'this will be displayed with every item', 8, 7007);
INSERT INTO public.item(id, created_by, created_date, last_modified_date, modified_by, quantity, quantity_unit, remarks, sku_id, price) VALUES (183, 'Yogesh', current_timestamp, current_timestamp, 'Yogesh', 5, 'Kg', 'this will be displayed with every item', 9, 8008);
INSERT INTO public.item(id, created_by, created_date, last_modified_date, modified_by, quantity, quantity_unit, remarks, sku_id, price) VALUES (184, 'Yogesh', current_timestamp, current_timestamp, 'Yogesh', 19, 'MT', 'this will be displayed with every item', 10, 9009);
INSERT INTO public.item(id, created_by, created_date, last_modified_date, modified_by, quantity, quantity_unit, remarks, sku_id, price) VALUES (185, 'Yogesh', current_timestamp, current_timestamp, 'Yogesh', 1001, 'Kg', 'this will be displayed with every item', 11, 999);
INSERT INTO public.item(id, created_by, created_date, last_modified_date, modified_by, quantity, quantity_unit, remarks, sku_id, price) VALUES (186, 'Yogesh', current_timestamp, current_timestamp, 'Yogesh', 25, 'MT', 'this will be displayed with every item', 12, 888);
INSERT INTO public.item(id, created_by, created_date, last_modified_date, modified_by, quantity, quantity_unit, remarks, sku_id, price) VALUES (187, 'Valmik', current_timestamp, current_timestamp, 'Valmik', 10, 'MT', 'this will be displayed with every item', 1, 777);
INSERT INTO public.item(id, created_by, created_date, last_modified_date, modified_by, quantity, quantity_unit, remarks, sku_id, price) VALUES (188, 'Valmik', current_timestamp, current_timestamp, 'Valmik', 20, 'Kg', 'this will be displayed with every item', 2, 666);
INSERT INTO public.item(id, created_by, created_date, last_modified_date, modified_by, quantity, quantity_unit, remarks, sku_id, price) VALUES (189, 'Valmik', current_timestamp, current_timestamp, 'Valmik', 30, 'MT', 'this will be displayed with every item', 3, 555);
INSERT INTO public.item(id, created_by, created_date, last_modified_date, modified_by, quantity, quantity_unit, remarks, sku_id, price) VALUES (190, 'Valmik', current_timestamp, current_timestamp, 'Valmik', 100, 'Kg', 'this will be displayed with every item', 4, 444);
INSERT INTO public.item(id, created_by, created_date, last_modified_date, modified_by, quantity, quantity_unit, remarks, sku_id, price) VALUES (191, 'Valmik', current_timestamp, current_timestamp, 'Valmik', 40, 'MT', 'this will be displayed with every item', 5, 333);
INSERT INTO public.item(id, created_by, created_date, last_modified_date, modified_by, quantity, quantity_unit, remarks, sku_id, price) VALUES (192, 'Valmik', current_timestamp, current_timestamp, 'Valmik', 50, 'Kg', 'this will be displayed with every item', 6, 222);
INSERT INTO public.item(id, created_by, created_date, last_modified_date, modified_by, quantity, quantity_unit, remarks, sku_id, price) VALUES (193, 'Valmik', current_timestamp, current_timestamp, 'Valmik', 10, 'MT', 'this will be displayed with every item', 7, 111);
INSERT INTO public.item(id, created_by, created_date, last_modified_date, modified_by, quantity, quantity_unit, remarks, sku_id, price) VALUES (194, 'Valmik', current_timestamp, current_timestamp, 'Valmik', 60, 'Kg', 'this will be displayed with every item', 8, 123);
INSERT INTO public.item(id, created_by, created_date, last_modified_date, modified_by, quantity, quantity_unit, remarks, sku_id, price) VALUES (195, 'Valmik', current_timestamp, current_timestamp, 'Valmik', 5, 'Kg', 'this will be displayed with every item', 9, 456);
INSERT INTO public.item(id, created_by, created_date, last_modified_date, modified_by, quantity, quantity_unit, remarks, sku_id, price) VALUES (196, 'Valmik', current_timestamp, current_timestamp, 'Valmik', 19, 'MT', 'this will be displayed with every item', 10, 654);
INSERT INTO public.item(id, created_by, created_date, last_modified_date, modified_by, quantity, quantity_unit, remarks, sku_id, price) VALUES (197, 'Valmik', current_timestamp, current_timestamp, 'Valmik', 1001, 'Kg', 'this will be displayed with every item', 11, 543);
INSERT INTO public.item(id, created_by, created_date, last_modified_date, modified_by, quantity, quantity_unit, remarks, sku_id, price) VALUES (198, 'Valmik', current_timestamp, current_timestamp, 'Valmik', 25, 'MT', 'this will be displayed with every item', 12, 654);
ALTER SEQUENCE item_id_seq RESTART WITH 199;

-- Create sample quote item mapping
INSERT INTO public.quote_item(quote_id, item_id) VALUES (1, 61);
INSERT INTO public.quote_item(quote_id, item_id) VALUES (1, 62);
INSERT INTO public.quote_item(quote_id, item_id) VALUES (2, 63);
INSERT INTO public.quote_item(quote_id, item_id) VALUES (3, 64);
INSERT INTO public.quote_item(quote_id, item_id) VALUES (4, 65);
INSERT INTO public.quote_item(quote_id, item_id) VALUES (4, 66);
INSERT INTO public.quote_item(quote_id, item_id) VALUES (5, 67);
INSERT INTO public.quote_item(quote_id, item_id) VALUES (5, 68);
INSERT INTO public.quote_item(quote_id, item_id) VALUES (5, 69);
INSERT INTO public.quote_item(quote_id, item_id) VALUES (6, 70);
INSERT INTO public.quote_item(quote_id, item_id) VALUES (7, 71);
INSERT INTO public.quote_item(quote_id, item_id) VALUES (7, 72);
INSERT INTO public.quote_item(quote_id, item_id) VALUES (8, 73);
INSERT INTO public.quote_item(quote_id, item_id) VALUES (9, 74);
INSERT INTO public.quote_item(quote_id, item_id) VALUES (10, 75);
INSERT INTO public.quote_item(quote_id, item_id) VALUES (10, 76);
INSERT INTO public.quote_item(quote_id, item_id) VALUES (11, 77);
INSERT INTO public.quote_item(quote_id, item_id) VALUES (11, 78);
INSERT INTO public.quote_item(quote_id, item_id) VALUES (11, 79);
INSERT INTO public.quote_item(quote_id, item_id) VALUES (12, 80);
INSERT INTO public.quote_item(quote_id, item_id) VALUES (13, 81);
INSERT INTO public.quote_item(quote_id, item_id) VALUES (13, 82);
INSERT INTO public.quote_item(quote_id, item_id) VALUES (14, 83);
INSERT INTO public.quote_item(quote_id, item_id) VALUES (15, 84);
INSERT INTO public.quote_item(quote_id, item_id) VALUES (16, 85);
INSERT INTO public.quote_item(quote_id, item_id) VALUES (16, 86);
INSERT INTO public.quote_item(quote_id, item_id) VALUES (17, 87);
INSERT INTO public.quote_item(quote_id, item_id) VALUES (17, 88);
INSERT INTO public.quote_item(quote_id, item_id) VALUES (17, 89);
INSERT INTO public.quote_item(quote_id, item_id) VALUES (18, 90);

-- Create sample quote item mapping
INSERT INTO public.quote_item(quote_id, item_id) VALUES (19, 91);
INSERT INTO public.quote_item(quote_id, item_id) VALUES (19, 92);
INSERT INTO public.quote_item(quote_id, item_id) VALUES (20, 93);
INSERT INTO public.quote_item(quote_id, item_id) VALUES (21, 94);
INSERT INTO public.quote_item(quote_id, item_id) VALUES (21, 95);
INSERT INTO public.quote_item(quote_id, item_id) VALUES (21, 96);
INSERT INTO public.quote_item(quote_id, item_id) VALUES (22, 97);
INSERT INTO public.quote_item(quote_id, item_id) VALUES (23, 98);
INSERT INTO public.quote_item(quote_id, item_id) VALUES (24, 99);
INSERT INTO public.quote_item(quote_id, item_id) VALUES (24, 100);
INSERT INTO public.quote_item(quote_id, item_id) VALUES (24, 101);
INSERT INTO public.quote_item(quote_id, item_id) VALUES (25, 102);
INSERT INTO public.quote_item(quote_id, item_id) VALUES (25, 103);
INSERT INTO public.quote_item(quote_id, item_id) VALUES (26, 104);
INSERT INTO public.quote_item(quote_id, item_id) VALUES (27, 105);
INSERT INTO public.quote_item(quote_id, item_id) VALUES (27, 106);
INSERT INTO public.quote_item(quote_id, item_id) VALUES (27, 107);
INSERT INTO public.quote_item(quote_id, item_id) VALUES (28, 108);
INSERT INTO public.quote_item(quote_id, item_id) VALUES (29, 109);
INSERT INTO public.quote_item(quote_id, item_id) VALUES (30, 110);
INSERT INTO public.quote_item(quote_id, item_id) VALUES (30, 111);
INSERT INTO public.quote_item(quote_id, item_id) VALUES (30, 112);
INSERT INTO public.quote_item(quote_id, item_id) VALUES (31, 113);
INSERT INTO public.quote_item(quote_id, item_id) VALUES (31, 114);
INSERT INTO public.quote_item(quote_id, item_id) VALUES (32, 115);
INSERT INTO public.quote_item(quote_id, item_id) VALUES (33, 116);
INSERT INTO public.quote_item(quote_id, item_id) VALUES (33, 117);
INSERT INTO public.quote_item(quote_id, item_id) VALUES (33, 118);
INSERT INTO public.quote_item(quote_id, item_id) VALUES (34, 119);
INSERT INTO public.quote_item(quote_id, item_id) VALUES (35, 120);
INSERT INTO public.quote_item(quote_id, item_id) VALUES (36, 121);
INSERT INTO public.quote_item(quote_id, item_id) VALUES (36, 122);
INSERT INTO public.quote_item(quote_id, item_id) VALUES (36, 123);

-- Create sample quote item mapping
INSERT INTO public.quote_item(quote_id, item_id) VALUES (37, 124);
INSERT INTO public.quote_item(quote_id, item_id) VALUES (37, 125);
INSERT INTO public.quote_item(quote_id, item_id) VALUES (37, 126);
INSERT INTO public.quote_item(quote_id, item_id) VALUES (38, 127);
INSERT INTO public.quote_item(quote_id, item_id) VALUES (38, 128);
INSERT INTO public.quote_item(quote_id, item_id) VALUES (39, 129);
INSERT INTO public.quote_item(quote_id, item_id) VALUES (39, 130);
INSERT INTO public.quote_item(quote_id, item_id) VALUES (39, 131);
INSERT INTO public.quote_item(quote_id, item_id) VALUES (39, 132);
INSERT INTO public.quote_item(quote_id, item_id) VALUES (40, 133);
INSERT INTO public.quote_item(quote_id, item_id) VALUES (41, 134);
INSERT INTO public.quote_item(quote_id, item_id) VALUES (41, 135);
INSERT INTO public.quote_item(quote_id, item_id) VALUES (42, 136);
INSERT INTO public.quote_item(quote_id, item_id) VALUES (43, 137);
INSERT INTO public.quote_item(quote_id, item_id) VALUES (43, 138);
INSERT INTO public.quote_item(quote_id, item_id) VALUES (43, 139);
INSERT INTO public.quote_item(quote_id, item_id) VALUES (44, 140);
INSERT INTO public.quote_item(quote_id, item_id) VALUES (44, 141);
INSERT INTO public.quote_item(quote_id, item_id) VALUES (45, 142);
INSERT INTO public.quote_item(quote_id, item_id) VALUES (45, 143);
INSERT INTO public.quote_item(quote_id, item_id) VALUES (45, 144);
INSERT INTO public.quote_item(quote_id, item_id) VALUES (45, 145);
INSERT INTO public.quote_item(quote_id, item_id) VALUES (46, 146);
INSERT INTO public.quote_item(quote_id, item_id) VALUES (47, 147);
INSERT INTO public.quote_item(quote_id, item_id) VALUES (47, 148);
INSERT INTO public.quote_item(quote_id, item_id) VALUES (48, 149);
INSERT INTO public.quote_item(quote_id, item_id) VALUES (49, 150);
INSERT INTO public.quote_item(quote_id, item_id) VALUES (49, 151);
INSERT INTO public.quote_item(quote_id, item_id) VALUES (49, 152);
INSERT INTO public.quote_item(quote_id, item_id) VALUES (50, 153);
INSERT INTO public.quote_item(quote_id, item_id) VALUES (50, 154);
INSERT INTO public.quote_item(quote_id, item_id) VALUES (51, 155);
INSERT INTO public.quote_item(quote_id, item_id) VALUES (51, 156);
INSERT INTO public.quote_item(quote_id, item_id) VALUES (51, 157);
INSERT INTO public.quote_item(quote_id, item_id) VALUES (51, 158);
INSERT INTO public.quote_item(quote_id, item_id) VALUES (52, 159);
INSERT INTO public.quote_item(quote_id, item_id) VALUES (53, 160);
INSERT INTO public.quote_item(quote_id, item_id) VALUES (53, 161);
INSERT INTO public.quote_item(quote_id, item_id) VALUES (54, 162);

-- Create sample quote item mapping
INSERT INTO public.quote_item(quote_id, item_id) VALUES (55, 163);
INSERT INTO public.quote_item(quote_id, item_id) VALUES (55, 164);
INSERT INTO public.quote_item(quote_id, item_id) VALUES (55, 165);
INSERT INTO public.quote_item(quote_id, item_id) VALUES (55, 166);
INSERT INTO public.quote_item(quote_id, item_id) VALUES (56, 167);
INSERT INTO public.quote_item(quote_id, item_id) VALUES (57, 168);
INSERT INTO public.quote_item(quote_id, item_id) VALUES (57, 169);
INSERT INTO public.quote_item(quote_id, item_id) VALUES (58, 170);
INSERT INTO public.quote_item(quote_id, item_id) VALUES (59, 171);
INSERT INTO public.quote_item(quote_id, item_id) VALUES (60, 172);
INSERT INTO public.quote_item(quote_id, item_id) VALUES (60, 173);
INSERT INTO public.quote_item(quote_id, item_id) VALUES (60, 174);
INSERT INTO public.quote_item(quote_id, item_id) VALUES (61, 175);
INSERT INTO public.quote_item(quote_id, item_id) VALUES (61, 176);
INSERT INTO public.quote_item(quote_id, item_id) VALUES (61, 177);
INSERT INTO public.quote_item(quote_id, item_id) VALUES (61, 178);
INSERT INTO public.quote_item(quote_id, item_id) VALUES (62, 179);
INSERT INTO public.quote_item(quote_id, item_id) VALUES (63, 180);
INSERT INTO public.quote_item(quote_id, item_id) VALUES (63, 181);
INSERT INTO public.quote_item(quote_id, item_id) VALUES (64, 182);
INSERT INTO public.quote_item(quote_id, item_id) VALUES (65, 183);
INSERT INTO public.quote_item(quote_id, item_id) VALUES (66, 184);
INSERT INTO public.quote_item(quote_id, item_id) VALUES (66, 185);
INSERT INTO public.quote_item(quote_id, item_id) VALUES (66, 186);
INSERT INTO public.quote_item(quote_id, item_id) VALUES (67, 187);
INSERT INTO public.quote_item(quote_id, item_id) VALUES (67, 188);
INSERT INTO public.quote_item(quote_id, item_id) VALUES (67, 189);
INSERT INTO public.quote_item(quote_id, item_id) VALUES (67, 190);
INSERT INTO public.quote_item(quote_id, item_id) VALUES (68, 191);
INSERT INTO public.quote_item(quote_id, item_id) VALUES (69, 192);
INSERT INTO public.quote_item(quote_id, item_id) VALUES (69, 193);
INSERT INTO public.quote_item(quote_id, item_id) VALUES (70, 194);
INSERT INTO public.quote_item(quote_id, item_id) VALUES (71, 195);
INSERT INTO public.quote_item(quote_id, item_id) VALUES (72, 196);
INSERT INTO public.quote_item(quote_id, item_id) VALUES (72, 197);
INSERT INTO public.quote_item(quote_id, item_id) VALUES (72, 198);

-- Create sample orders
INSERT INTO public.mtp_order(id, created_by, created_date, last_modified_date, modified_by, payment_terms, status, transportation_terms, enquiry_id, quote_id, total_value) VALUES (1, 'Piyush', current_timestamp, current_timestamp, 'Piyush', 'OTHERS', 'Accepted', 'OTHERS', 6, 6, 456);
INSERT INTO public.mtp_order(id, created_by, created_date, last_modified_date, modified_by, payment_terms, status, transportation_terms, enquiry_id, quote_id, total_value) VALUES (2, 'Yogesh', current_timestamp, current_timestamp, 'Yogesh', 'OTHERS', 'Accepted', 'OTHERS', 13, 24, 1532);
INSERT INTO public.mtp_order(id, created_by, created_date, last_modified_date, modified_by, payment_terms, status, transportation_terms, enquiry_id, quote_id, total_value) VALUES (3, 'Valmik', current_timestamp, current_timestamp, 'Valmik', 'OTHERS', 'Accepted', 'OTHERS', 20, 42, 564);
INSERT INTO public.mtp_order(id, created_by, created_date, last_modified_date, modified_by, payment_terms, status, transportation_terms, enquiry_id, quote_id, total_value) VALUES (4, 'Prateek', current_timestamp, current_timestamp, 'Prateek', 'OTHERS', 'Accepted', 'OTHERS', 27, 60, 909);
ALTER SEQUENCE mtp_order_id_seq RESTART WITH 5;

-- Create sample order item mapping
INSERT INTO public.mtp_order_item(order_id, item_id) VALUES (1, 70);
INSERT INTO public.mtp_order_item(order_id, item_id) VALUES (2, 99);
INSERT INTO public.mtp_order_item(order_id, item_id) VALUES (2, 100);
INSERT INTO public.mtp_order_item(order_id, item_id) VALUES (2, 101);
INSERT INTO public.mtp_order_item(order_id, item_id) VALUES (3, 136);
INSERT INTO public.mtp_order_item(order_id, item_id) VALUES (4, 172);
INSERT INTO public.mtp_order_item(order_id, item_id) VALUES (4, 173);
INSERT INTO public.mtp_order_item(order_id, item_id) VALUES (4, 174);

-- Create sample chat body
INSERT INTO public.chat_body(id, text, chat_message_type) VALUES (1, 'Hello, this is very long message and therefore will be truncated.', 'Text');
INSERT INTO public.chat_body(id, text, chat_message_type) VALUES (2, 'Hello, this is very long message and therefore will be truncated.', 'Text');
INSERT INTO public.chat_body(id, text, chat_message_type) VALUES (3, 'Hello, this is very long message and therefore will be truncated.', 'Text');
INSERT INTO public.chat_body(id, text, chat_message_type) VALUES (4, 'Hello, this is very long message and therefore will be truncated.', 'Text');
INSERT INTO public.chat_body(id, attachment_url, text, chat_message_type) VALUES (5, 'https://metaltradev2.s3.ap-southeast-1.amazonaws.com/2023-06-29T09%3A32%3A36.017291665_metal.png', 'This one', 'Attachment');
INSERT INTO public.chat_body(id, attachment_url, text, chat_message_type) VALUES (6, 'https://metaltradev2.s3.ap-southeast-1.amazonaws.com/2023-06-29T09%3A32%3A36.017291665_metal.png', 'This one', 'Attachment');
INSERT INTO public.chat_body(id, attachment_url, text, chat_message_type) VALUES (7, 'https://metaltradev2.s3.ap-southeast-1.amazonaws.com/2023-06-29T09%3A32%3A36.017291665_metal.png', 'This one', 'Attachment');
INSERT INTO public.chat_body(id, attachment_url, text, chat_message_type) VALUES (8, 'https://metaltradev2.s3.ap-southeast-1.amazonaws.com/2023-06-29T09%3A32%3A36.017291665_metal.png', 'This one', 'Attachment');
INSERT INTO public.chat_body(id, enquiry_id, chat_message_type) VALUES (9, 6, 'Enquiry');
INSERT INTO public.chat_body(id, enquiry_id, chat_message_type) VALUES (10, 13, 'Enquiry');
INSERT INTO public.chat_body(id, enquiry_id, chat_message_type) VALUES (11, 20, 'Enquiry');
INSERT INTO public.chat_body(id, enquiry_id, chat_message_type) VALUES (12, 27, 'Enquiry');
INSERT INTO public.chat_body(id, quote_id, chat_message_type) VALUES (13, 6, 'Quote');
INSERT INTO public.chat_body(id, quote_id, chat_message_type) VALUES (14, 24, 'Quote');
INSERT INTO public.chat_body(id, quote_id, chat_message_type) VALUES (15, 42, 'Quote');
INSERT INTO public.chat_body(id, quote_id, chat_message_type) VALUES (16, 60, 'Quote');
INSERT INTO public.chat_body(id, text, reply_to_id, chat_message_type) VALUES (17, 'Thanks, this is very long message and therefore will be truncated.', 5, 'Reply');
INSERT INTO public.chat_body(id, text, reply_to_id, chat_message_type) VALUES (18, 'Thanks, this is very long message and therefore will be truncated.', 6, 'Reply');
INSERT INTO public.chat_body(id, text, reply_to_id, chat_message_type) VALUES (19, 'Thanks, this is very long message and therefore will be truncated.', 7, 'Reply');
INSERT INTO public.chat_body(id, text, reply_to_id, chat_message_type) VALUES (20, 'Thanks, this is very long message and therefore will be truncated.', 8, 'Reply');
ALTER SEQUENCE chat_body_id_seq RESTART WITH 21;

-- Create sample chats
INSERT INTO public.chat_message(id, created_by, created_date, last_modified_date, modified_by, enquiry_id, quote_id, recipient_company_id, sender_company_id, status, body_id, chat_room_id) VALUES (1, 'Piyush', current_timestamp, current_timestamp, 'Piyush', 0, 0, 1, 2, 'Unseen', 1, '1-2');
INSERT INTO public.chat_message(id, created_by, created_date, last_modified_date, modified_by, enquiry_id, quote_id, recipient_company_id, sender_company_id, status, body_id, chat_room_id) VALUES (2, 'Yogesh', current_timestamp, current_timestamp, 'Yogesh', 0, 0, 1, 3, 'Unseen', 2, '1-3');
INSERT INTO public.chat_message(id, created_by, created_date, last_modified_date, modified_by, enquiry_id, quote_id, recipient_company_id, sender_company_id, status, body_id, chat_room_id) VALUES (3, 'Valmik', current_timestamp, current_timestamp, 'Valmik', 0, 0, 1, 4, 'Seen', 3, '1-4');
INSERT INTO public.chat_message(id, created_by, created_date, last_modified_date, modified_by, enquiry_id, quote_id, recipient_company_id, sender_company_id, status, body_id, chat_room_id) VALUES (4, 'Prateek', current_timestamp, current_timestamp, 'Prateek', 0, 0, 1, 5, 'Unseen', 4, '1-5');
INSERT INTO public.chat_message(id, created_by, created_date, last_modified_date, modified_by, enquiry_id, quote_id, recipient_company_id, sender_company_id, status, body_id, chat_room_id) VALUES (5, 'Piyush', current_timestamp, current_timestamp, 'Piyush', 0, 0, 1, 2, 'Seen', 5, '1-2');
INSERT INTO public.chat_message(id, created_by, created_date, last_modified_date, modified_by, enquiry_id, quote_id, recipient_company_id, sender_company_id, status, body_id, chat_room_id) VALUES (6, 'Yogesh', current_timestamp, current_timestamp, 'Yogesh', 0, 0, 1, 3, 'Unseen', 6, '1-3');
INSERT INTO public.chat_message(id, created_by, created_date, last_modified_date, modified_by, enquiry_id, quote_id, recipient_company_id, sender_company_id, status, body_id, chat_room_id) VALUES (7, 'Valmik', current_timestamp, current_timestamp, 'Valmik', 0, 0, 1, 4, 'Unseen', 7, '1-4');
INSERT INTO public.chat_message(id, created_by, created_date, last_modified_date, modified_by, enquiry_id, quote_id, recipient_company_id, sender_company_id, status, body_id, chat_room_id) VALUES (8, 'Prateek', current_timestamp, current_timestamp, 'Prateek', 0, 0, 1, 5, 'Seen', 8, '1-5');
INSERT INTO public.chat_message(id, created_by, created_date, last_modified_date, modified_by, enquiry_id, quote_id, recipient_company_id, sender_company_id, status, body_id, chat_room_id) VALUES (9, 'System', current_timestamp, current_timestamp, 'System', 6, 0, 2, 1, 'Seen', 9, '1-2');
INSERT INTO public.chat_message(id, created_by, created_date, last_modified_date, modified_by, enquiry_id, quote_id, recipient_company_id, sender_company_id, status, body_id, chat_room_id) VALUES (10, 'System', current_timestamp, current_timestamp, 'System', 13, 0, 3, 1, 'Unseen', 10, '1-3');
INSERT INTO public.chat_message(id, created_by, created_date, last_modified_date, modified_by, enquiry_id, quote_id, recipient_company_id, sender_company_id, status, body_id, chat_room_id) VALUES (11, 'System', current_timestamp, current_timestamp, 'System', 20, 0, 4, 1, 'Unseen', 11, '1-4');
INSERT INTO public.chat_message(id, created_by, created_date, last_modified_date, modified_by, enquiry_id, quote_id, recipient_company_id, sender_company_id, status, body_id, chat_room_id) VALUES (12, 'System', current_timestamp, current_timestamp, 'System', 27, 0, 5, 1, 'Unseen', 12, '1-5');
INSERT INTO public.chat_message(id, created_by, created_date, last_modified_date, modified_by, enquiry_id, quote_id, recipient_company_id, sender_company_id, status, body_id, chat_room_id) VALUES (13, 'System', current_timestamp, current_timestamp, 'System', 6, 6, 2, 1, 'Unseen', 13, '1-2');
INSERT INTO public.chat_message(id, created_by, created_date, last_modified_date, modified_by, enquiry_id, quote_id, recipient_company_id, sender_company_id, status, body_id, chat_room_id) VALUES (14, 'System', current_timestamp, current_timestamp, 'System', 13, 24, 3, 1, 'Seen', 14, '1-3');
INSERT INTO public.chat_message(id, created_by, created_date, last_modified_date, modified_by, enquiry_id, quote_id, recipient_company_id, sender_company_id, status, body_id, chat_room_id) VALUES (15, 'System', current_timestamp, current_timestamp, 'System', 20, 42, 4, 1, 'Unseen', 15, '1-4');
INSERT INTO public.chat_message(id, created_by, created_date, last_modified_date, modified_by, enquiry_id, quote_id, recipient_company_id, sender_company_id, status, body_id, chat_room_id) VALUES (16, 'System', current_timestamp, current_timestamp, 'System', 27, 60, 5, 1, 'Seen', 16, '1-5');
INSERT INTO public.chat_message(id, created_by, created_date, last_modified_date, modified_by, enquiry_id, quote_id, recipient_company_id, sender_company_id, status, body_id, chat_room_id) VALUES (17, 'System', current_timestamp, current_timestamp, 'System', 0, 0, 2, 1, 'Unseen', 17, '1-2');
INSERT INTO public.chat_message(id, created_by, created_date, last_modified_date, modified_by, enquiry_id, quote_id, recipient_company_id, sender_company_id, status, body_id, chat_room_id) VALUES (18, 'System', current_timestamp, current_timestamp, 'System', 0, 0, 3, 1, 'Seen', 18, '1-3');
INSERT INTO public.chat_message(id, created_by, created_date, last_modified_date, modified_by, enquiry_id, quote_id, recipient_company_id, sender_company_id, status, body_id, chat_room_id) VALUES (19, 'System', current_timestamp, current_timestamp, 'System', 0, 0, 4, 1, 'Seen', 19, '1-4');
INSERT INTO public.chat_message(id, created_by, created_date, last_modified_date, modified_by, enquiry_id, quote_id, recipient_company_id, sender_company_id, status, body_id, chat_room_id) VALUES (20, 'System', current_timestamp, current_timestamp, 'System', 0, 0, 5, 1, 'Unseen', 20, '1-5');
ALTER SEQUENCE chat_message_id_seq RESTART WITH 21;